0.000100 	 0.000000 	 0.000000 	 0.000000 	 0.000000 
0.000200 	 0.000000 	 0.000000 	 0.000000 	 0.000000 
0.000300 	 0.000000 	 0.000000 	 0.000000 	 0.000000 
0.000400 	 0.000000 	 0.000000 	 0.000000 	 0.000000 
0.000500 	 0.000000 	 0.000000 	 0.000000 	 0.000000 
0.000600 	 0.000000 	 0.000000 	 0.000000 	 0.000000 
0.000700 	 0.000000 	 0.000000 	 0.000000 	 0.000000 
0.000800 	 0.000000 	 0.000000 	 0.000000 	 0.000000 
0.000900 	 0.000000 	 0.000000 	 0.000000 	 0.000000 
0.001000 	 0.000000 	 0.000000 	 0.000000 	 0.000000 
0.001100 	 0.000000 	 0.000000 	 0.000000 	 0.000000 
0.001200 	 0.000000 	 0.000000 	 0.000000 	 0.000000 
0.001300 	 0.000000 	 0.000000 	 0.000000 	 0.000000 
0.001400 	 0.000000 	 0.000000 	 0.000000 	 0.000000 
0.001500 	 0.000000 	 0.000000 	 0.000000 	 0.000000 
0.001600 	 0.000000 	 0.000000 	 0.000000 	 0.000000 
0.001700 	 0.000000 	 0.000000 	 0.000000 	 0.000000 
0.001800 	 0.000000 	 0.000000 	 0.000000 	 0.000000 
0.001900 	 0.000000 	 0.000000 	 0.000000 	 0.000000 
0.002000 	 0.000000 	 0.000000 	 0.000000 	 0.000000 
0.002100 	 0.000000 	 0.000000 	 0.000000 	 0.000000 
0.002200 	 0.000000 	 0.000000 	 0.000000 	 0.000000 
0.002300 	 0.000000 	 0.000000 	 0.000000 	 0.000000 
0.002400 	 0.000000 	 0.000000 	 0.000000 	 0.000000 
0.002500 	 0.000000 	 0.000000 	 0.000000 	 0.000000 
0.002600 	 0.000000 	 0.000000 	 0.000000 	 0.000000 
0.002700 	 0.000000 	 0.000000 	 0.000000 	 0.000000 
0.002800 	 0.000000 	 0.000000 	 0.000000 	 0.000000 
0.002900 	 0.000000 	 0.000000 	 0.000000 	 0.000000 
0.003000 	 0.000000 	 0.000000 	 0.000000 	 0.000000 
0.003100 	 0.000000 	 0.000000 	 0.000000 	 0.000000 
0.003200 	 0.000000 	 0.000000 	 0.000000 	 0.000000 
0.003300 	 0.000000 	 0.000000 	 0.000000 	 0.000000 
0.003400 	 0.000000 	 0.000000 	 0.000000 	 0.000000 
0.003500 	 0.000000 	 0.000000 	 0.000000 	 0.000000 
0.003600 	 0.000000 	 0.000000 	 0.000000 	 0.000000 
0.003700 	 0.000000 	 0.000000 	 0.000000 	 0.000000 
0.003800 	 0.000000 	 0.000000 	 0.000000 	 0.000000 
0.003900 	 0.000000 	 0.000000 	 0.000000 	 0.000000 
0.004000 	 0.000000 	 0.000000 	 0.000000 	 0.000000 
0.004100 	 0.000000 	 0.000000 	 0.000000 	 0.000000 
0.004200 	 0.000000 	 0.000000 	 0.000000 	 0.000000 
0.004300 	 0.000000 	 0.000000 	 0.000000 	 0.000000 
0.004400 	 0.000000 	 0.000000 	 0.000000 	 0.000000 
0.004500 	 0.000000 	 0.000000 	 0.000000 	 0.000000 
0.004600 	 0.000000 	 0.000000 	 0.000000 	 0.000000 
0.004700 	 0.000000 	 0.000000 	 0.000000 	 0.000000 
0.004800 	 0.000000 	 0.000000 	 0.000000 	 0.000000 
0.004900 	 0.000000 	 0.000000 	 0.000000 	 0.000000 
0.005000 	 0.000000 	 0.000000 	 0.000000 	 0.000000 
0.005100 	 0.000000 	 0.000000 	 0.000000 	 0.000000 
0.005200 	 0.000000 	 0.000000 	 0.000000 	 0.000000 
0.005300 	 0.000000 	 0.000000 	 0.000000 	 0.000000 
0.005400 	 0.000000 	 0.000000 	 0.000000 	 0.000000 
0.005500 	 0.000000 	 0.000000 	 0.000000 	 0.000000 
0.005600 	 0.000000 	 0.000000 	 0.000000 	 0.000000 
0.005700 	 0.000000 	 0.000000 	 0.000000 	 0.000000 
0.005800 	 0.000000 	 0.000000 	 0.000000 	 0.000000 
0.005900 	 0.000000 	 0.000000 	 0.000000 	 0.000000 
0.006000 	 0.000000 	 0.000000 	 0.000000 	 0.000000 
0.006100 	 0.000000 	 0.000000 	 0.000000 	 0.000000 
0.006200 	 0.000000 	 0.000000 	 0.000000 	 0.000000 
0.006300 	 0.000000 	 0.000000 	 0.000000 	 0.000000 
0.006400 	 0.000000 	 0.000000 	 0.000000 	 0.000000 
0.006500 	 0.000000 	 0.000000 	 0.000000 	 0.000000 
0.006600 	 0.000000 	 0.000000 	 0.000000 	 0.000000 
0.006700 	 0.000000 	 0.000000 	 0.000000 	 0.000000 
0.006800 	 0.000000 	 0.000000 	 0.000000 	 0.000000 
0.006900 	 0.000000 	 0.000000 	 0.000000 	 0.000000 
0.007000 	 0.000000 	 0.000000 	 0.000000 	 0.000000 
0.007100 	 0.000000 	 0.000000 	 0.000000 	 0.000000 
0.007200 	 0.000000 	 0.000000 	 0.000000 	 0.000000 
0.007300 	 0.000000 	 0.000000 	 0.000000 	 0.000000 
0.007400 	 0.000000 	 0.000000 	 0.000000 	 0.000000 
0.007500 	 0.000000 	 0.000000 	 0.000000 	 0.000000 
0.007600 	 0.000000 	 0.000000 	 0.000000 	 0.000000 
0.007700 	 0.000000 	 0.000000 	 0.000000 	 0.000000 
0.007800 	 0.000000 	 0.000000 	 0.000000 	 0.000000 
0.007900 	 0.000000 	 0.000000 	 0.000000 	 0.000000 
0.008000 	 0.000000 	 0.000000 	 0.000000 	 0.000000 
0.008100 	 0.000000 	 0.000000 	 0.000000 	 0.000000 
0.008200 	 0.000000 	 0.000000 	 0.000000 	 0.000000 
0.008300 	 0.000000 	 0.000000 	 0.000000 	 0.000000 
0.008400 	 0.000000 	 0.000000 	 0.000000 	 0.000000 
0.008500 	 0.000000 	 0.000000 	 0.000000 	 0.000000 
0.008600 	 0.000000 	 0.000000 	 0.000000 	 0.000000 
0.008700 	 0.000000 	 0.000000 	 0.000000 	 0.000000 
0.008800 	 0.000000 	 0.000000 	 0.000000 	 0.000000 
0.008900 	 0.000000 	 0.000000 	 0.000000 	 0.000000 
0.009000 	 0.000000 	 0.000000 	 0.000000 	 0.000000 
0.009100 	 0.000000 	 0.000000 	 0.000000 	 0.000000 
0.009200 	 0.000000 	 0.000000 	 0.000000 	 0.000000 
0.009300 	 0.000000 	 0.000000 	 0.000000 	 0.000000 
0.009400 	 0.000000 	 0.000000 	 0.000000 	 0.000000 
0.009500 	 0.000000 	 0.000000 	 0.000000 	 0.000000 
0.009600 	 0.000000 	 0.000000 	 0.000000 	 0.000000 
0.009700 	 0.000000 	 0.000000 	 0.000000 	 0.000000 
0.009800 	 0.000000 	 0.000000 	 0.000000 	 0.000000 
0.009900 	 0.000000 	 0.000000 	 0.000000 	 0.000000 
0.010000 	 0.000000 	 0.000000 	 0.000000 	 0.000000 
0.010100 	 0.000000 	 0.000000 	 0.000000 	 0.000000 
0.010200 	 0.000000 	 0.000000 	 0.000000 	 0.000000 
0.010300 	 0.000000 	 0.000000 	 0.000000 	 0.000000 
0.010400 	 0.000000 	 0.000000 	 0.000000 	 0.000000 
0.010500 	 0.000000 	 0.000000 	 0.000000 	 0.000000 
0.010600 	 0.000000 	 0.000000 	 0.000000 	 0.000000 
0.010700 	 0.000000 	 0.000000 	 0.000000 	 0.000000 
0.010800 	 0.000000 	 0.000000 	 0.000000 	 0.000000 
0.010900 	 0.000000 	 0.000000 	 0.000000 	 0.000000 
0.011000 	 0.000000 	 0.000000 	 0.000000 	 0.000000 
0.011100 	 0.000000 	 0.000000 	 0.000000 	 0.000000 
0.011200 	 0.000000 	 0.000000 	 0.000000 	 0.000000 
0.011300 	 0.000000 	 0.000000 	 0.000000 	 0.000000 
0.011400 	 0.000000 	 0.000000 	 0.000000 	 0.000000 
0.011500 	 0.000000 	 0.000000 	 0.000000 	 0.000000 
0.011600 	 0.000000 	 0.000000 	 0.000000 	 0.000000 
0.011700 	 0.000000 	 0.000000 	 0.000000 	 0.000000 
0.011800 	 0.000000 	 0.000000 	 0.000000 	 0.000000 
0.011900 	 0.000000 	 0.000000 	 0.000000 	 0.000000 
0.012000 	 0.000000 	 0.000000 	 0.000000 	 0.000000 
0.012100 	 0.000000 	 0.000000 	 0.000000 	 0.000000 
0.012200 	 0.000000 	 0.000000 	 0.000000 	 0.000000 
0.012300 	 0.000000 	 0.000000 	 0.000000 	 0.000000 
0.012400 	 0.000000 	 0.000000 	 0.000000 	 0.000000 
0.012500 	 0.000000 	 0.000000 	 0.000000 	 0.000000 
0.012600 	 0.000000 	 0.000000 	 0.000000 	 0.000000 
0.012700 	 0.000000 	 0.000000 	 0.000000 	 0.000000 
0.012800 	 0.000000 	 0.000000 	 0.000000 	 0.000000 
0.012900 	 0.000000 	 0.000000 	 0.000000 	 0.000000 
0.013000 	 0.000000 	 0.000000 	 0.000000 	 0.000000 
0.013100 	 0.000000 	 0.000000 	 0.000000 	 0.000000 
0.013200 	 0.000000 	 0.000000 	 0.000000 	 0.000000 
0.013300 	 0.000000 	 0.000000 	 0.000000 	 0.000000 
0.013400 	 0.000000 	 0.000000 	 0.000000 	 0.000000 
0.013500 	 0.000000 	 0.000000 	 0.000000 	 0.000000 
0.013600 	 0.000000 	 0.000000 	 0.000000 	 0.000000 
0.013700 	 0.000000 	 0.000000 	 0.000000 	 0.000000 
0.013800 	 0.000000 	 0.000000 	 0.000000 	 0.000000 
0.013900 	 0.000000 	 0.000000 	 0.000000 	 0.000000 
0.014000 	 0.000000 	 0.000000 	 0.000000 	 0.000000 
0.014100 	 0.000000 	 0.000000 	 0.000000 	 0.000000 
0.014200 	 0.000000 	 0.000000 	 0.000000 	 0.000000 
0.014300 	 0.000000 	 0.000000 	 0.000000 	 0.000000 
0.014400 	 0.000000 	 0.000000 	 0.000000 	 0.000000 
0.014500 	 0.000000 	 0.000000 	 0.000000 	 0.000000 
0.014600 	 0.000000 	 0.000000 	 0.000000 	 0.000000 
0.014700 	 0.000000 	 0.000000 	 0.000000 	 0.000000 
0.014800 	 0.000000 	 0.000000 	 0.000000 	 0.000000 
0.014900 	 0.000000 	 0.000000 	 0.000000 	 0.000000 
0.015000 	 0.000000 	 0.000000 	 0.000000 	 0.000000 
0.015100 	 0.000000 	 0.000000 	 0.000000 	 0.000000 
0.015200 	 0.000000 	 0.000000 	 0.000000 	 0.000000 
0.015300 	 0.000000 	 0.000000 	 0.000000 	 0.000000 
0.015400 	 0.000000 	 0.000000 	 0.000000 	 0.000000 
0.015500 	 0.000000 	 0.000000 	 0.000000 	 0.000000 
0.015600 	 0.000000 	 0.000000 	 0.000000 	 0.000000 
0.015700 	 0.000000 	 0.000000 	 0.000000 	 0.000000 
0.015800 	 0.000000 	 0.000000 	 0.000000 	 0.000000 
0.015900 	 0.000000 	 0.000000 	 0.000000 	 0.000000 
0.016000 	 0.000000 	 0.000000 	 0.000000 	 0.000000 
0.016100 	 0.000000 	 0.000000 	 0.000000 	 0.000000 
0.016200 	 0.000000 	 0.000000 	 0.000000 	 0.000000 
0.016300 	 0.000000 	 0.000000 	 0.000000 	 0.000000 
0.016400 	 0.000000 	 0.000000 	 0.000000 	 0.000000 
0.016500 	 0.000000 	 0.000000 	 0.000000 	 0.000000 
0.016600 	 0.000000 	 0.000000 	 0.000000 	 0.000000 
0.016700 	 0.000000 	 0.000000 	 0.000000 	 0.000000 
0.016800 	 0.000000 	 0.000000 	 0.000000 	 0.000000 
0.016900 	 0.000000 	 0.000000 	 0.000000 	 0.000000 
0.017000 	 0.000000 	 0.000000 	 0.000000 	 0.000000 
0.017100 	 0.000000 	 0.000000 	 0.000000 	 0.000000 
0.017200 	 0.000000 	 0.000000 	 0.000000 	 0.000000 
0.017300 	 0.000000 	 0.000000 	 0.000000 	 0.000000 
0.017400 	 0.000000 	 0.000000 	 0.000000 	 0.000000 
0.017500 	 0.000000 	 0.000000 	 0.000000 	 0.000000 
0.017600 	 0.000000 	 0.000000 	 0.000000 	 0.000000 
0.017700 	 0.000000 	 0.000000 	 0.000000 	 0.000000 
0.017800 	 0.000000 	 0.000000 	 0.000000 	 0.000000 
0.017900 	 0.000000 	 0.000000 	 0.000000 	 0.000000 
0.018000 	 0.000000 	 0.000000 	 0.000000 	 0.000000 
0.018100 	 0.000000 	 0.000000 	 0.000000 	 0.000000 
0.018200 	 0.000000 	 0.000000 	 0.000000 	 0.000000 
0.018300 	 0.000000 	 0.000000 	 0.000000 	 0.000000 
0.018400 	 0.000000 	 0.000000 	 0.000000 	 0.000000 
0.018500 	 0.000000 	 0.000000 	 0.000000 	 0.000000 
0.018600 	 0.000000 	 0.000000 	 0.000000 	 0.000000 
0.018700 	 0.000000 	 0.000000 	 0.000000 	 0.000000 
0.018800 	 0.000000 	 0.000000 	 0.000000 	 0.000000 
0.018900 	 0.000000 	 0.000000 	 0.000000 	 0.000000 
0.019000 	 0.000000 	 0.000000 	 0.000000 	 0.000000 
0.019100 	 0.000000 	 0.000000 	 0.000000 	 0.000000 
0.019200 	 0.000000 	 0.000000 	 0.000000 	 0.000000 
0.019300 	 0.000000 	 0.000000 	 0.000000 	 0.000000 
0.019400 	 0.000000 	 0.000000 	 0.000000 	 0.000000 
0.019500 	 0.000000 	 0.000000 	 0.000000 	 0.000000 
0.019600 	 0.000000 	 0.000000 	 0.000000 	 0.000000 
0.019700 	 0.000000 	 0.000000 	 0.000000 	 0.000000 
0.019800 	 0.000000 	 0.000000 	 0.000000 	 0.000000 
0.019900 	 0.000000 	 0.000000 	 0.000000 	 0.000000 
0.020000 	 0.000000 	 0.000000 	 0.000000 	 0.000000 
0.020100 	 0.000000 	 0.000000 	 0.000000 	 0.000000 
0.020200 	 0.000000 	 0.000000 	 0.000000 	 0.000000 
0.020300 	 0.000000 	 0.000000 	 0.000000 	 0.000000 
0.020400 	 0.000000 	 0.000000 	 0.000000 	 0.000000 
0.020500 	 0.000000 	 0.000000 	 0.000000 	 0.000000 
0.020600 	 0.000000 	 0.000000 	 0.000000 	 0.000000 
0.020700 	 0.000000 	 0.000000 	 0.000000 	 0.000000 
0.020800 	 0.000000 	 0.000000 	 0.000000 	 0.000000 
0.020900 	 0.000000 	 0.000000 	 0.000000 	 0.000000 
0.021000 	 0.000000 	 0.000000 	 0.000000 	 0.000000 
0.021100 	 0.000000 	 0.000000 	 0.000000 	 0.000000 
0.021200 	 0.000000 	 0.000000 	 0.000000 	 0.000000 
0.021300 	 0.000000 	 0.000000 	 0.000000 	 0.000000 
0.021400 	 0.000000 	 0.000000 	 0.000000 	 0.000000 
0.021500 	 0.000000 	 0.000000 	 0.000000 	 0.000000 
0.021600 	 0.000000 	 0.000000 	 0.000000 	 0.000000 
0.021700 	 0.000000 	 0.000000 	 0.000000 	 0.000000 
0.021800 	 0.000000 	 0.000000 	 0.000000 	 0.000000 
0.021900 	 0.000000 	 0.000000 	 0.000000 	 0.000000 
0.022000 	 0.000000 	 0.000000 	 0.000000 	 0.000000 
0.022100 	 0.000000 	 0.000000 	 0.000000 	 0.000000 
0.022200 	 0.000000 	 0.000000 	 0.000000 	 0.000000 
0.022300 	 0.000000 	 0.000000 	 0.000000 	 0.000000 
0.022400 	 0.000000 	 0.000000 	 0.000000 	 0.000000 
0.022500 	 0.000000 	 0.000000 	 0.000000 	 0.000000 
0.022600 	 0.000000 	 0.000000 	 0.000000 	 0.000000 
0.022700 	 0.000000 	 0.000000 	 0.000000 	 0.000000 
0.022800 	 0.000000 	 0.000000 	 0.000000 	 0.000000 
0.022900 	 0.000000 	 0.000000 	 0.000000 	 0.000000 
0.023000 	 0.000000 	 0.000000 	 0.000000 	 0.000000 
0.023100 	 0.000000 	 0.000000 	 0.000000 	 0.000000 
0.023200 	 0.000000 	 0.000000 	 0.000000 	 0.000000 
0.023300 	 0.000000 	 0.000000 	 0.000000 	 0.000000 
0.023400 	 0.000000 	 0.000000 	 0.000000 	 0.000000 
0.023500 	 0.000000 	 0.000000 	 0.000000 	 0.000000 
0.023600 	 0.000000 	 0.000000 	 0.000000 	 0.000000 
0.023700 	 0.000000 	 0.000000 	 0.000000 	 0.000000 
0.023800 	 0.000000 	 0.000000 	 0.000000 	 0.000000 
0.023900 	 0.000000 	 0.000000 	 0.000000 	 0.000000 
0.024000 	 0.000000 	 0.000000 	 0.000000 	 0.000000 
0.024100 	 0.000000 	 0.000000 	 0.000000 	 0.000000 
0.024200 	 0.000000 	 0.000000 	 0.000000 	 0.000000 
0.024300 	 0.000000 	 0.000000 	 0.000000 	 0.000000 
0.024400 	 0.000000 	 0.000000 	 0.000000 	 0.000000 
0.024500 	 0.000000 	 0.000000 	 0.000000 	 0.000000 
0.024600 	 0.000000 	 0.000000 	 0.000000 	 0.000000 
0.024700 	 0.000000 	 0.000000 	 0.000000 	 0.000000 
0.024800 	 0.000000 	 0.000000 	 0.000000 	 0.000000 
0.024900 	 0.000000 	 0.000000 	 0.000000 	 0.000000 
0.025000 	 0.000000 	 0.000000 	 0.000000 	 0.000000 
0.025100 	 0.000000 	 0.000000 	 0.000000 	 0.000000 
0.025200 	 0.000000 	 0.000000 	 0.000000 	 0.000000 
0.025300 	 0.000000 	 0.000000 	 0.000000 	 0.000000 
0.025400 	 0.000000 	 0.000000 	 0.000000 	 0.000000 
0.025500 	 0.000000 	 0.000000 	 0.000000 	 0.000000 
0.025600 	 0.000000 	 0.000000 	 0.000000 	 0.000000 
0.025700 	 0.000000 	 0.000000 	 0.000000 	 0.000000 
0.025800 	 0.000000 	 0.000000 	 0.000000 	 0.000000 
0.025900 	 0.000000 	 0.000000 	 0.000000 	 0.000000 
0.026000 	 0.000000 	 0.000000 	 0.000000 	 0.000000 
0.026100 	 0.000000 	 0.000000 	 0.000000 	 0.000000 
0.026200 	 0.000000 	 0.000000 	 0.000000 	 0.000000 
0.026300 	 0.000000 	 0.000000 	 0.000000 	 0.000000 
0.026400 	 0.000000 	 0.000000 	 0.000000 	 0.000000 
0.026500 	 0.000000 	 0.000000 	 0.000000 	 0.000000 
0.026600 	 0.000000 	 0.000000 	 0.000000 	 0.000000 
0.026700 	 0.000000 	 0.000000 	 0.000000 	 0.000000 
0.026800 	 0.000000 	 0.000000 	 0.000000 	 0.000000 
0.026900 	 0.000000 	 0.000000 	 0.000000 	 0.000000 
0.027000 	 0.000000 	 0.000000 	 0.000000 	 0.000000 
0.027100 	 0.000000 	 0.000000 	 0.000000 	 0.000000 
0.027200 	 0.000000 	 0.000000 	 0.000000 	 0.000000 
0.027300 	 0.000000 	 0.000000 	 0.000000 	 0.000000 
0.027400 	 0.000000 	 0.000000 	 0.000000 	 0.000000 
0.027500 	 0.000000 	 0.000000 	 0.000000 	 0.000000 
0.027600 	 0.000000 	 0.000000 	 0.000000 	 0.000000 
0.027700 	 0.000000 	 0.000000 	 0.000000 	 0.000000 
0.027800 	 0.000000 	 0.000000 	 0.000000 	 0.000000 
0.027900 	 0.000000 	 0.000000 	 0.000000 	 0.000000 
0.028000 	 0.000000 	 0.000000 	 0.000000 	 0.000000 
0.028100 	 0.000000 	 0.000000 	 0.000000 	 0.000000 
0.028200 	 0.000000 	 0.000000 	 0.000000 	 0.000000 
0.028300 	 0.000000 	 0.000000 	 0.000000 	 0.000000 
0.028400 	 0.000000 	 0.000000 	 0.000000 	 0.000000 
0.028500 	 0.000000 	 0.000000 	 0.000000 	 0.000000 
0.028600 	 0.000000 	 0.000000 	 0.000000 	 0.000000 
0.028700 	 0.000000 	 0.000000 	 0.000000 	 0.000000 
0.028800 	 0.000000 	 0.000000 	 0.000000 	 0.000000 
0.028900 	 0.000000 	 0.000000 	 0.000000 	 0.000000 
0.029000 	 0.000000 	 0.000000 	 0.000000 	 0.000000 
0.029100 	 0.000000 	 0.000000 	 0.000000 	 0.000000 
0.029200 	 0.000000 	 0.000000 	 0.000000 	 0.000000 
0.029300 	 0.000000 	 0.000000 	 0.000000 	 0.000000 
0.029400 	 0.000000 	 0.000000 	 0.000000 	 0.000000 
0.029500 	 0.000000 	 0.000000 	 0.000000 	 0.000000 
0.029600 	 0.000000 	 0.000000 	 0.000000 	 0.000000 
0.029700 	 0.000000 	 0.000000 	 0.000000 	 0.000000 
0.029800 	 0.000000 	 0.000000 	 0.000000 	 0.000000 
0.029900 	 0.000000 	 0.000000 	 0.000000 	 0.000000 
0.030000 	 -0.129776 	 -0.014420 	 81.000000 	 -9.000000 
0.030100 	 -0.130577 	 -0.012016 	 82.000000 	 -6.000000 
0.030200 	 -0.113220 	 -0.018158 	 49.000000 	 -19.000000 
0.030300 	 -0.103741 	 -0.028839 	 47.000000 	 -38.000000 
0.030400 	 -0.100617 	 -0.031723 	 55.000000 	 -27.000000 
0.030500 	 -0.103607 	 -0.030975 	 74.000000 	 -17.000000 
0.030600 	 -0.105286 	 -0.027237 	 72.000000 	 -3.000000 
0.030700 	 -0.099936 	 -0.032444 	 39.000000 	 -43.000000 
0.030800 	 -0.094884 	 -0.037206 	 34.000000 	 -47.000000 
0.030900 	 -0.093567 	 -0.042137 	 51.000000 	 -54.000000 
0.031000 	 -0.091324 	 -0.042967 	 43.000000 	 -32.000000 
0.031100 	 -0.084648 	 -0.042591 	 7.000000 	 -24.000000 
0.031200 	 -0.080602 	 -0.045724 	 20.000000 	 -52.000000 
0.031300 	 -0.074959 	 -0.051727 	 1.000000 	 -81.000000 
0.031400 	 -0.067612 	 -0.056503 	 -22.000000 	 -77.000000 
0.031500 	 -0.065189 	 -0.057078 	 18.000000 	 -41.000000 
0.031600 	 -0.060883 	 -0.057301 	 -5.000000 	 -38.000000 
0.031700 	 -0.055275 	 -0.059993 	 -25.000000 	 -66.000000 
0.031800 	 -0.049162 	 -0.064509 	 -38.000000 	 -91.000000 
0.031900 	 -0.045982 	 -0.070416 	 -9.000000 	 -114.000000 
0.032000 	 -0.039215 	 -0.075607 	 -60.000000 	 -112.000000 
0.032100 	 -0.032626 	 -0.079016 	 -66.000000 	 -94.000000 
0.032200 	 -0.026680 	 -0.084010 	 -65.000000 	 -121.000000 
0.032300 	 -0.021496 	 -0.086518 	 -61.000000 	 -90.000000 
0.032400 	 -0.017368 	 -0.089786 	 -51.000000 	 -105.000000 
0.032500 	 -0.012509 	 -0.092557 	 -68.000000 	 -101.000000 
0.032600 	 -0.008426 	 -0.094113 	 -61.000000 	 -84.000000 
0.032700 	 -0.004292 	 -0.095043 	 -67.000000 	 -75.000000 
0.032800 	 -0.002431 	 -0.095578 	 -31.000000 	 -69.000000 
0.032900 	 -0.000534 	 -0.095810 	 -34.000000 	 -64.000000 
0.033000 	 0.001292 	 -0.096079 	 -35.000000 	 -65.000000 
0.033100 	 0.003655 	 -0.095930 	 -48.000000 	 -57.000000 
0.033200 	 0.005146 	 -0.096325 	 -33.000000 	 -68.000000 
0.033300 	 0.006079 	 -0.095424 	 -23.000000 	 -41.000000 
0.033400 	 0.006638 	 -0.094116 	 -16.000000 	 -31.000000 
0.033500 	 0.006275 	 -0.091947 	 4.000000 	 -10.000000 
0.033600 	 0.005673 	 -0.090025 	 10.000000 	 -13.000000 
0.033700 	 0.004132 	 -0.087234 	 33.000000 	 10.000000 
0.033800 	 0.002095 	 -0.083519 	 47.000000 	 36.000000 
0.033900 	 0.000120 	 -0.080670 	 48.000000 	 19.000000 
0.034000 	 -0.002384 	 -0.077608 	 64.000000 	 28.000000 
0.034100 	 -0.005951 	 -0.075226 	 95.000000 	 14.000000 
0.034200 	 -0.009091 	 -0.072694 	 88.000000 	 21.000000 
0.034300 	 -0.012162 	 -0.069877 	 90.000000 	 32.000000 
0.034400 	 -0.014776 	 -0.066473 	 81.000000 	 52.000000 
0.034500 	 -0.016823 	 -0.064470 	 68.000000 	 16.000000 
0.034600 	 -0.019431 	 -0.061701 	 87.000000 	 41.000000 
0.034700 	 -0.020862 	 -0.059714 	 55.000000 	 21.000000 
0.034800 	 -0.021515 	 -0.058267 	 33.000000 	 7.000000 
0.034900 	 -0.022206 	 -0.056877 	 35.000000 	 7.000000 
0.035000 	 -0.023499 	 -0.055165 	 55.000000 	 19.000000 
0.035100 	 -0.025234 	 -0.054104 	 71.000000 	 0.000000 
0.035200 	 -0.026511 	 -0.054111 	 58.000000 	 -34.000000 
0.035300 	 -0.028068 	 -0.054029 	 69.000000 	 -31.000000 
0.035400 	 -0.029189 	 -0.054794 	 56.000000 	 -60.000000 
0.035500 	 -0.030270 	 -0.056076 	 56.000000 	 -79.000000 
0.035600 	 -0.031650 	 -0.056948 	 68.000000 	 -66.000000 
0.035700 	 -0.032762 	 -0.057651 	 60.000000 	 -61.000000 
0.035800 	 -0.033374 	 -0.058765 	 43.000000 	 -77.000000 
0.035900 	 -0.033646 	 -0.059521 	 31.000000 	 -65.000000 
0.036000 	 -0.033646 	 -0.060646 	 21.000000 	 -80.000000 
0.036100 	 -0.032715 	 -0.061761 	 -15.000000 	 -81.000000 
0.036200 	 -0.032349 	 -0.062815 	 6.000000 	 -80.000000 
0.036300 	 -0.031968 	 -0.064137 	 5.000000 	 -92.000000 
0.036400 	 -0.031920 	 -0.065196 	 18.000000 	 -83.000000 
0.036500 	 -0.031509 	 -0.065811 	 3.000000 	 -66.000000 
0.036600 	 -0.030967 	 -0.066168 	 -3.000000 	 -56.000000 
0.036700 	 -0.030371 	 -0.066396 	 -6.000000 	 -51.000000 
0.036800 	 -0.030093 	 -0.065805 	 7.000000 	 -16.000000 
0.036900 	 -0.029366 	 -0.065163 	 -13.000000 	 -13.000000 
0.037000 	 -0.028749 	 -0.064290 	 -9.000000 	 -2.000000 
0.037100 	 -0.027704 	 -0.064265 	 -29.000000 	 -39.000000 
0.037200 	 -0.026908 	 -0.064131 	 -19.000000 	 -34.000000 
0.037300 	 -0.025808 	 -0.063741 	 -34.000000 	 -22.000000 
0.037400 	 -0.024802 	 -0.062827 	 -31.000000 	 3.000000 
0.037500 	 -0.024475 	 -0.062253 	 0.000000 	 -12.000000 
0.037600 	 -0.024282 	 -0.061569 	 6.000000 	 -6.000000 
0.037700 	 -0.023416 	 -0.060842 	 -27.000000 	 -3.000000 
0.037800 	 -0.023181 	 -0.060558 	 3.000000 	 -24.000000 
0.037900 	 -0.022551 	 -0.059701 	 -17.000000 	 5.000000 
0.038000 	 -0.023162 	 -0.059399 	 45.000000 	 -22.000000 
0.038100 	 -0.023779 	 -0.059808 	 46.000000 	 -58.000000 
0.038200 	 -0.024303 	 -0.059879 	 42.000000 	 -41.000000 
0.038300 	 -0.023880 	 -0.059338 	 -7.000000 	 -9.000000 
0.038400 	 -0.023429 	 -0.058319 	 -9.000000 	 17.000000 
0.038500 	 -0.024070 	 -0.057343 	 49.000000 	 16.000000 
0.038600 	 -0.024143 	 -0.056537 	 19.000000 	 8.000000 
0.038700 	 -0.024724 	 -0.055312 	 47.000000 	 32.000000 
0.038800 	 -0.025023 	 -0.053682 	 32.000000 	 56.000000 
0.038900 	 -0.025101 	 -0.052658 	 20.000000 	 24.000000 
0.039000 	 -0.024983 	 -0.051675 	 9.000000 	 23.000000 
0.039100 	 -0.024921 	 -0.050887 	 12.000000 	 13.000000 
0.039200 	 -0.025032 	 -0.050339 	 22.000000 	 0.000000 
0.039300 	 -0.025141 	 -0.049889 	 22.000000 	 -5.000000 
0.039400 	 -0.025095 	 -0.050072 	 13.000000 	 -42.000000 
0.039500 	 -0.025919 	 -0.050418 	 65.000000 	 -52.000000 
0.039600 	 -0.026808 	 -0.050824 	 70.000000 	 -56.000000 
0.039700 	 -0.027319 	 -0.051221 	 48.000000 	 -56.000000 
0.039800 	 -0.027981 	 -0.051755 	 58.000000 	 -65.000000 
0.039900 	 -0.028054 	 -0.052551 	 22.000000 	 -82.000000 
0.040000 	 -0.027507 	 -0.053586 	 -17.000000 	 -98.000000 
0.040100 	 -0.027724 	 -0.054788 	 31.000000 	 -110.000000 
0.040200 	 -0.027875 	 -0.055205 	 27.000000 	 -61.000000 
0.040300 	 -0.027853 	 -0.055491 	 16.000000 	 -53.000000 
0.040400 	 -0.027298 	 -0.056290 	 -19.000000 	 -87.000000 
0.040500 	 -0.027222 	 -0.056726 	 12.000000 	 -64.000000 
0.040600 	 -0.027252 	 -0.057454 	 19.000000 	 -84.000000 
0.040700 	 -0.026866 	 -0.058005 	 -9.000000 	 -73.000000 
0.040800 	 -0.026531 	 -0.058281 	 -6.000000 	 -55.000000 
0.040900 	 -0.026523 	 -0.058683 	 16.000000 	 -64.000000 
0.041000 	 -0.026717 	 -0.058992 	 30.000000 	 -58.000000 
0.041100 	 -0.026507 	 -0.059323 	 2.000000 	 -60.000000 
0.041200 	 -0.026230 	 -0.058983 	 -3.000000 	 -13.000000 
0.041300 	 -0.025916 	 -0.059252 	 -6.000000 	 -56.000000 
0.041400 	 -0.026081 	 -0.059824 	 28.000000 	 -78.000000 
0.041500 	 -0.026049 	 -0.060275 	 14.000000 	 -70.000000 
0.041600 	 -0.026251 	 -0.060732 	 31.000000 	 -71.000000 
0.041700 	 -0.026219 	 -0.060665 	 14.000000 	 -33.000000 
0.041800 	 -0.026497 	 -0.060560 	 37.000000 	 -30.000000 
0.041900 	 -0.026262 	 -0.060509 	 -1.000000 	 -34.000000 
0.042000 	 -0.026376 	 -0.060684 	 25.000000 	 -51.000000 
0.042100 	 -0.026554 	 -0.060856 	 30.000000 	 -51.000000 
0.042200 	 -0.026364 	 -0.060935 	 2.000000 	 -44.000000 
0.042300 	 -0.026087 	 -0.060586 	 -5.000000 	 -11.000000 
0.042400 	 -0.026442 	 -0.060101 	 44.000000 	 0.000000 
0.042500 	 -0.026703 	 -0.059217 	 37.000000 	 32.000000 
0.042600 	 -0.026493 	 -0.058725 	 0.000000 	 2.000000 
0.042700 	 -0.026549 	 -0.058192 	 21.000000 	 6.000000 
0.042800 	 -0.026529 	 -0.057803 	 15.000000 	 -5.000000 
0.042900 	 -0.026436 	 -0.057432 	 9.000000 	 -6.000000 
0.043000 	 -0.026760 	 -0.056822 	 43.000000 	 14.000000 
0.043100 	 -0.026970 	 -0.056137 	 34.000000 	 21.000000 
0.043200 	 -0.027104 	 -0.055353 	 28.000000 	 30.000000 
0.043300 	 -0.027380 	 -0.054438 	 40.000000 	 42.000000 
0.043400 	 -0.027973 	 -0.054070 	 67.000000 	 -3.000000 
0.043500 	 -0.028450 	 -0.053213 	 58.000000 	 39.000000 
0.043600 	 -0.028944 	 -0.052673 	 60.000000 	 13.000000 
0.043700 	 -0.029559 	 -0.052117 	 71.000000 	 15.000000 
0.043800 	 -0.030441 	 -0.051592 	 95.000000 	 13.000000 
0.043900 	 -0.031220 	 -0.050892 	 87.000000 	 29.000000 
0.044000 	 -0.031714 	 -0.050133 	 63.000000 	 35.000000 
0.044100 	 -0.032337 	 -0.049521 	 75.000000 	 23.000000 
0.044200 	 -0.032738 	 -0.048771 	 56.000000 	 36.000000 
0.044300 	 -0.032911 	 -0.047965 	 36.000000 	 42.000000 
0.044400 	 -0.033193 	 -0.047579 	 46.000000 	 5.000000 
0.044500 	 -0.033306 	 -0.047253 	 31.000000 	 0.000000 
0.044600 	 -0.033188 	 -0.047084 	 10.000000 	 -14.000000 
0.044700 	 -0.033332 	 -0.046972 	 34.000000 	 -19.000000 
0.044800 	 -0.033216 	 -0.046893 	 10.000000 	 -22.000000 
0.044900 	 -0.032951 	 -0.046965 	 -4.000000 	 -36.000000 
0.045000 	 -0.032638 	 -0.047301 	 -9.000000 	 -61.000000 
0.045100 	 -0.032360 	 -0.047570 	 -6.000000 	 -55.000000 
0.045200 	 -0.031782 	 -0.048044 	 -35.000000 	 -75.000000 
0.045300 	 -0.031399 	 -0.048679 	 -17.000000 	 -91.000000 
0.045400 	 -0.030969 	 -0.049037 	 -22.000000 	 -65.000000 
0.045500 	 -0.030698 	 -0.049483 	 -7.000000 	 -74.000000 
0.045600 	 -0.030176 	 -0.049994 	 -32.000000 	 -81.000000 
0.045700 	 -0.029843 	 -0.050185 	 -14.000000 	 -50.000000 
0.045800 	 -0.029131 	 -0.050353 	 -52.000000 	 -48.000000 
0.045900 	 -0.028389 	 -0.050348 	 -56.000000 	 -31.000000 
0.046000 	 -0.027993 	 -0.050215 	 -22.000000 	 -18.000000 
0.046100 	 -0.027751 	 -0.050399 	 -7.000000 	 -50.000000 
0.046200 	 -0.027463 	 -0.050493 	 -12.000000 	 -41.000000 
0.046300 	 -0.027530 	 -0.050596 	 24.000000 	 -42.000000 
0.046400 	 -0.027334 	 -0.050716 	 -3.000000 	 -44.000000 
0.046500 	 -0.027314 	 -0.050864 	 15.000000 	 -47.000000 
0.046600 	 -0.027419 	 -0.051011 	 28.000000 	 -47.000000 
0.046700 	 -0.027514 	 -0.051041 	 27.000000 	 -35.000000 
0.046800 	 -0.027578 	 -0.050909 	 24.000000 	 -18.000000 
0.046900 	 -0.027623 	 -0.050751 	 22.000000 	 -15.000000 
0.047000 	 -0.027705 	 -0.050876 	 26.000000 	 -45.000000 
0.047100 	 -0.027777 	 -0.050804 	 25.000000 	 -24.000000 
0.047200 	 -0.028228 	 -0.050834 	 66.000000 	 -35.000000 
0.047300 	 -0.028646 	 -0.050736 	 63.000000 	 -21.000000 
0.047400 	 -0.029150 	 -0.050546 	 73.000000 	 -11.000000 
0.047500 	 -0.029777 	 -0.050368 	 87.000000 	 -12.000000 
0.047600 	 -0.030287 	 -0.050256 	 75.000000 	 -19.000000 
0.047700 	 -0.030558 	 -0.049983 	 49.000000 	 -1.000000 
0.047800 	 -0.030943 	 -0.049730 	 62.000000 	 -3.000000 
0.047900 	 -0.031509 	 -0.049276 	 83.000000 	 20.000000 
0.048000 	 -0.031840 	 -0.048809 	 57.000000 	 22.000000 
0.048100 	 -0.032008 	 -0.048426 	 39.000000 	 13.000000 
0.048200 	 -0.032411 	 -0.048153 	 66.000000 	 1.000000 
0.048300 	 -0.032583 	 -0.048178 	 40.000000 	 -33.000000 
0.048400 	 -0.032866 	 -0.048074 	 53.000000 	 -18.000000 
0.048500 	 -0.032922 	 -0.047902 	 27.000000 	 -10.000000 
0.048600 	 -0.032823 	 -0.047654 	 9.000000 	 -1.000000 
0.048700 	 -0.032725 	 -0.047375 	 9.000000 	 3.000000 
0.048800 	 -0.032544 	 -0.047218 	 -1.000000 	 -11.000000 
0.048900 	 -0.032507 	 -0.046859 	 16.000000 	 13.000000 
0.049000 	 -0.032530 	 -0.046572 	 23.000000 	 5.000000 
0.049100 	 -0.032219 	 -0.046363 	 -17.000000 	 -4.000000 
0.049200 	 -0.032210 	 -0.046364 	 19.000000 	 -29.000000 
0.049300 	 -0.032077 	 -0.046224 	 4.000000 	 -12.000000 
0.049400 	 -0.031748 	 -0.046019 	 -20.000000 	 -4.000000 
0.049500 	 -0.031381 	 -0.045899 	 -25.000000 	 -14.000000 
0.049600 	 -0.031051 	 -0.045943 	 -21.000000 	 -34.000000 
0.049700 	 -0.030830 	 -0.046123 	 -8.000000 	 -51.000000 
0.049800 	 -0.030739 	 -0.046205 	 8.000000 	 -39.000000 
0.049900 	 -0.030618 	 -0.046367 	 4.000000 	 -49.000000 
0.050000 	 -0.030513 	 -0.046344 	 6.000000 	 -26.000000 
0.050100 	 -0.030576 	 -0.046495 	 27.000000 	 -48.000000 
0.050200 	 -0.030702 	 -0.046503 	 35.000000 	 -30.000000 
0.050300 	 -0.030504 	 -0.046471 	 -6.000000 	 -25.000000 
0.050400 	 -0.030207 	 -0.046541 	 -19.000000 	 -38.000000 
0.050500 	 -0.029858 	 -0.046510 	 -26.000000 	 -25.000000 
0.050600 	 -0.029698 	 -0.046510 	 -2.000000 	 -29.000000 
0.050700 	 -0.029648 	 -0.046548 	 12.000000 	 -34.000000 
0.050800 	 -0.029721 	 -0.046333 	 28.000000 	 -1.000000 
0.050900 	 -0.029808 	 -0.046227 	 30.000000 	 -15.000000 
0.051000 	 -0.029902 	 -0.046137 	 31.000000 	 -17.000000 
0.051100 	 -0.030245 	 -0.046138 	 64.000000 	 -29.000000 
0.051200 	 -0.030547 	 -0.046365 	 59.000000 	 -59.000000 
0.051300 	 -0.030816 	 -0.046755 	 55.000000 	 -81.000000 
0.051400 	 -0.030978 	 -0.046940 	 41.000000 	 -54.000000 
0.051500 	 -0.031213 	 -0.047079 	 51.000000 	 -48.000000 
0.051600 	 -0.031313 	 -0.047002 	 33.000000 	 -19.000000 
0.051700 	 -0.031581 	 -0.047014 	 56.000000 	 -31.000000 
0.051800 	 -0.031656 	 -0.047004 	 30.000000 	 -28.000000 
0.051900 	 -0.031891 	 -0.047002 	 52.000000 	 -29.000000 
0.052000 	 -0.032450 	 -0.047050 	 97.000000 	 -36.000000 
0.052100 	 -0.032917 	 -0.047069 	 85.000000 	 -32.000000 
0.052200 	 -0.033358 	 -0.047074 	 82.000000 	 -30.000000 
0.052300 	 -0.033803 	 -0.047186 	 83.000000 	 -45.000000 
0.052400 	 -0.034244 	 -0.047389 	 83.000000 	 -58.000000 
0.052500 	 -0.034560 	 -0.047278 	 66.000000 	 -14.000000 
0.052600 	 -0.034810 	 -0.047162 	 57.000000 	 -13.000000 
0.052700 	 -0.035114 	 -0.046969 	 65.000000 	 -2.000000 
0.052800 	 -0.035451 	 -0.046995 	 70.000000 	 -33.000000 
0.052900 	 -0.035938 	 -0.046895 	 92.000000 	 -15.000000 
0.053000 	 -0.036198 	 -0.046796 	 60.000000 	 -15.000000 
0.053100 	 -0.036436 	 -0.046442 	 57.000000 	 22.000000 
0.053200 	 -0.036603 	 -0.046216 	 47.000000 	 4.000000 
0.053300 	 -0.036460 	 -0.045998 	 2.000000 	 3.000000 
0.053400 	 -0.036598 	 -0.045795 	 43.000000 	 1.000000 
0.053500 	 -0.036545 	 -0.045703 	 15.000000 	 -15.000000 
0.053600 	 -0.036499 	 -0.045517 	 16.000000 	 -1.000000 
0.053700 	 -0.036352 	 -0.045601 	 1.000000 	 -41.000000 
0.053800 	 -0.036133 	 -0.045551 	 -10.000000 	 -21.000000 
0.053900 	 -0.035902 	 -0.045388 	 -12.000000 	 -4.000000 
0.054000 	 -0.035820 	 -0.045213 	 10.000000 	 -2.000000 
0.054100 	 -0.035811 	 -0.045258 	 21.000000 	 -35.000000 
0.054200 	 -0.035637 	 -0.045250 	 -4.000000 	 -27.000000 
0.054300 	 -0.035609 	 -0.045242 	 18.000000 	 -27.000000 
0.054400 	 -0.035575 	 -0.045208 	 17.000000 	 -23.000000 
0.054500 	 -0.035359 	 -0.045291 	 -11.000000 	 -41.000000 
0.054600 	 -0.035287 	 -0.045036 	 11.000000 	 11.000000 
0.054700 	 -0.035203 	 -0.044842 	 9.000000 	 2.000000 
0.054800 	 -0.035248 	 -0.044681 	 29.000000 	 -3.000000 
0.054900 	 -0.035190 	 -0.044617 	 13.000000 	 -18.000000 
0.055000 	 -0.035210 	 -0.044472 	 25.000000 	 -5.000000 
0.055100 	 -0.035242 	 -0.044460 	 27.000000 	 -26.000000 
0.055200 	 -0.035204 	 -0.044475 	 16.000000 	 -30.000000 
0.055300 	 -0.035078 	 -0.044514 	 2.000000 	 -34.000000 
0.055400 	 -0.034846 	 -0.044490 	 -15.000000 	 -24.000000 
0.055500 	 -0.034666 	 -0.044548 	 -7.000000 	 -37.000000 
0.055600 	 -0.034718 	 -0.044580 	 30.000000 	 -33.000000 
0.055700 	 -0.034981 	 -0.044631 	 64.000000 	 -36.000000 
0.055800 	 -0.035192 	 -0.044880 	 56.000000 	 -68.000000 
0.055900 	 -0.035186 	 -0.044972 	 21.000000 	 -43.000000 
0.056000 	 -0.035119 	 -0.045021 	 11.000000 	 -36.000000 
0.056100 	 -0.035083 	 -0.045087 	 16.000000 	 -39.000000 
0.056200 	 -0.035157 	 -0.045166 	 34.000000 	 -41.000000 
0.056300 	 -0.035339 	 -0.045280 	 52.000000 	 -47.000000 
0.056400 	 -0.035623 	 -0.045320 	 69.000000 	 -35.000000 
0.056500 	 -0.035844 	 -0.045258 	 59.000000 	 -18.000000 
0.056600 	 -0.036058 	 -0.045221 	 58.000000 	 -22.000000 
0.056700 	 -0.036294 	 -0.044945 	 62.000000 	 18.000000 
0.056800 	 -0.036338 	 -0.044819 	 30.000000 	 -7.000000 
0.056900 	 -0.036322 	 -0.044689 	 20.000000 	 -6.000000 
0.057000 	 -0.036436 	 -0.044571 	 42.000000 	 -8.000000 
0.057100 	 -0.036720 	 -0.044360 	 71.000000 	 8.000000 
0.057200 	 -0.036985 	 -0.044350 	 68.000000 	 -26.000000 
0.057300 	 -0.037207 	 -0.044118 	 61.000000 	 12.000000 
0.057400 	 -0.037258 	 -0.043737 	 32.000000 	 38.000000 
0.057500 	 -0.037314 	 -0.043642 	 33.000000 	 -11.000000 
0.057600 	 -0.037504 	 -0.043907 	 56.000000 	 -73.000000 
0.057700 	 -0.037553 	 -0.043973 	 32.000000 	 -39.000000 
0.057800 	 -0.037436 	 -0.043954 	 3.000000 	 -24.000000 
0.057900 	 -0.037176 	 -0.044031 	 -22.000000 	 -41.000000 
0.058000 	 -0.037078 	 -0.044120 	 6.000000 	 -43.000000 
0.058100 	 -0.037094 	 -0.044122 	 26.000000 	 -28.000000 
0.058200 	 -0.037003 	 -0.044000 	 7.000000 	 -6.000000 
0.058300 	 -0.036720 	 -0.043908 	 -27.000000 	 -11.000000 
0.058400 	 -0.036614 	 -0.043832 	 4.000000 	 -14.000000 
0.058500 	 -0.036609 	 -0.043909 	 22.000000 	 -41.000000 
0.058600 	 -0.036783 	 -0.043940 	 54.000000 	 -33.000000 
0.058700 	 -0.036822 	 -0.043949 	 30.000000 	 -29.000000 
0.058800 	 -0.036939 	 -0.043813 	 44.000000 	 -3.000000 
0.058900 	 -0.036845 	 -0.043784 	 6.000000 	 -22.000000 
0.059000 	 -0.036591 	 -0.043782 	 -23.000000 	 -27.000000 
0.059100 	 -0.036439 	 -0.043791 	 -5.000000 	 -29.000000 
0.059200 	 -0.036538 	 -0.043696 	 41.000000 	 -10.000000 
0.059300 	 -0.036588 	 -0.043537 	 32.000000 	 2.000000 
0.059400 	 -0.036492 	 -0.043329 	 5.000000 	 11.000000 
0.059500 	 -0.036379 	 -0.043123 	 2.000000 	 11.000000 
0.059600 	 -0.036386 	 -0.043021 	 24.000000 	 -8.000000 
0.059700 	 -0.036334 	 -0.042888 	 13.000000 	 -2.000000 
0.059800 	 -0.036148 	 -0.042819 	 -12.000000 	 -14.000000 
0.059900 	 -0.036097 	 -0.042730 	 13.000000 	 -10.000000 
0.060000 	 -0.036185 	 -0.042577 	 39.000000 	 2.000000 
0.060100 	 -0.036251 	 -0.042436 	 35.000000 	 0.000000 
0.060200 	 -0.036142 	 -0.042217 	 2.000000 	 15.000000 
0.060300 	 -0.036044 	 -0.041994 	 4.000000 	 16.000000 
0.060400 	 -0.036146 	 -0.041814 	 42.000000 	 8.000000 
0.060500 	 -0.036196 	 -0.041678 	 32.000000 	 0.000000 
0.060600 	 -0.036302 	 -0.041578 	 43.000000 	 -7.000000 
0.060700 	 -0.036444 	 -0.041584 	 50.000000 	 -27.000000 
0.060800 	 -0.036560 	 -0.041537 	 45.000000 	 -17.000000 
0.060900 	 -0.036586 	 -0.041305 	 28.000000 	 19.000000 
0.061000 	 -0.036592 	 -0.041085 	 24.000000 	 17.000000 
0.061100 	 -0.036732 	 -0.040974 	 50.000000 	 -4.000000 
0.061200 	 -0.036809 	 -0.040991 	 38.000000 	 -29.000000 
0.061300 	 -0.036942 	 -0.041034 	 49.000000 	 -34.000000 
0.061400 	 -0.037038 	 -0.040919 	 42.000000 	 -3.000000 
0.061500 	 -0.037230 	 -0.040856 	 61.000000 	 -13.000000 
0.061600 	 -0.037507 	 -0.040888 	 78.000000 	 -32.000000 
0.061700 	 -0.037707 	 -0.040951 	 63.000000 	 -38.000000 
0.061800 	 -0.037960 	 -0.040974 	 74.000000 	 -30.000000 
0.061900 	 -0.038232 	 -0.041121 	 78.000000 	 -55.000000 
0.062000 	 -0.038362 	 -0.041108 	 50.000000 	 -23.000000 
0.062100 	 -0.038258 	 -0.041040 	 3.000000 	 -12.000000 
0.062200 	 -0.038055 	 -0.041161 	 -17.000000 	 -50.000000 
0.062300 	 -0.037973 	 -0.041048 	 7.000000 	 -3.000000 
0.062400 	 -0.037890 	 -0.041011 	 7.000000 	 -18.000000 
0.062500 	 -0.037759 	 -0.040978 	 -3.000000 	 -19.000000 
0.062600 	 -0.037575 	 -0.040892 	 -14.000000 	 -8.000000 
0.062700 	 -0.037461 	 -0.040978 	 0.000000 	 -43.000000 
0.062800 	 -0.037327 	 -0.040965 	 -4.000000 	 -23.000000 
0.062900 	 -0.037462 	 -0.040957 	 51.000000 	 -24.000000 
0.063000 	 -0.037460 	 -0.040984 	 23.000000 	 -31.000000 
0.063100 	 -0.037448 	 -0.040933 	 21.000000 	 -15.000000 
0.063200 	 -0.037399 	 -0.040887 	 13.000000 	 -16.000000 
0.063300 	 -0.037344 	 -0.040980 	 12.000000 	 -45.000000 
0.063400 	 -0.037151 	 -0.041140 	 -17.000000 	 -59.000000 
0.063500 	 -0.036893 	 -0.041218 	 -31.000000 	 -42.000000 
0.063600 	 -0.036731 	 -0.041248 	 -11.000000 	 -32.000000 
0.063700 	 -0.036547 	 -0.041306 	 -16.000000 	 -38.000000 
0.063800 	 -0.036349 	 -0.041330 	 -19.000000 	 -31.000000 
0.063900 	 -0.036082 	 -0.041280 	 -34.000000 	 -15.000000 
0.064000 	 -0.035643 	 -0.041332 	 -71.000000 	 -37.000000 
0.064100 	 -0.035379 	 -0.041418 	 -34.000000 	 -44.000000 
0.064200 	 -0.035173 	 -0.041516 	 -22.000000 	 -47.000000 
0.064300 	 -0.035015 	 -0.041363 	 -12.000000 	 7.000000 
0.064400 	 -0.034765 	 -0.041280 	 -32.000000 	 -8.000000 
0.064500 	 -0.034530 	 -0.041180 	 -29.000000 	 -4.000000 
0.064600 	 -0.034348 	 -0.041107 	 -18.000000 	 -10.000000 
0.064700 	 -0.034258 	 -0.040980 	 2.000000 	 2.000000 
0.064800 	 -0.034160 	 -0.040917 	 0.000000 	 -12.000000 
0.064900 	 -0.034177 	 -0.040883 	 25.000000 	 -18.000000 
0.065000 	 -0.034070 	 -0.040835 	 -2.000000 	 -15.000000 
0.065100 	 -0.034046 	 -0.040787 	 16.000000 	 -15.000000 
0.065200 	 -0.034063 	 -0.040744 	 25.000000 	 -16.000000 
0.065300 	 -0.034239 	 -0.040702 	 60.000000 	 -16.000000 
0.065400 	 -0.034413 	 -0.040560 	 60.000000 	 6.000000 
0.065500 	 -0.034487 	 -0.040617 	 38.000000 	 -38.000000 
0.065600 	 -0.034669 	 -0.040593 	 62.000000 	 -20.000000 
0.065700 	 -0.034939 	 -0.040614 	 82.000000 	 -30.000000 
0.065800 	 -0.035328 	 -0.040447 	 109.000000 	 12.000000 
0.065900 	 -0.035644 	 -0.040264 	 93.000000 	 16.000000 
0.066000 	 -0.035865 	 -0.040054 	 72.000000 	 22.000000 
0.066100 	 -0.036022 	 -0.039833 	 58.000000 	 25.000000 
0.066200 	 -0.036241 	 -0.039648 	 72.000000 	 17.000000 
0.066300 	 -0.036458 	 -0.039531 	 72.000000 	 2.000000 
0.066400 	 -0.036582 	 -0.039466 	 51.000000 	 -10.000000 
0.066500 	 -0.036697 	 -0.039350 	 49.000000 	 2.000000 
0.066600 	 -0.036750 	 -0.039277 	 35.000000 	 -8.000000 
0.066700 	 -0.036645 	 -0.039175 	 -1.000000 	 -1.000000 
0.066800 	 -0.036524 	 -0.039060 	 -5.000000 	 2.000000 
0.066900 	 -0.036408 	 -0.038885 	 -4.000000 	 16.000000 
0.067000 	 -0.036245 	 -0.038841 	 -15.000000 	 -14.000000 
0.067100 	 -0.036083 	 -0.038745 	 -15.000000 	 -2.000000 
0.067200 	 -0.035970 	 -0.038762 	 -4.000000 	 -28.000000 
0.067300 	 -0.035796 	 -0.038923 	 -18.000000 	 -62.000000 
0.067400 	 -0.035577 	 -0.039106 	 -29.000000 	 -67.000000 
0.067500 	 -0.035512 	 -0.039279 	 7.000000 	 -65.000000 
0.067600 	 -0.035422 	 -0.039536 	 1.000000 	 -85.000000 
0.067700 	 -0.035265 	 -0.039643 	 -15.000000 	 -50.000000 
0.067800 	 -0.035265 	 -0.039712 	 22.000000 	 -41.000000 
0.067900 	 -0.035298 	 -0.039852 	 30.000000 	 -58.000000 
0.068000 	 -0.035239 	 -0.039882 	 8.000000 	 -32.000000 
0.068100 	 -0.035089 	 -0.039987 	 -14.000000 	 -50.000000 
0.068200 	 -0.034917 	 -0.040126 	 -19.000000 	 -58.000000 
0.068300 	 -0.034822 	 -0.040242 	 -1.000000 	 -53.000000 
0.068400 	 -0.034807 	 -0.040337 	 18.000000 	 -48.000000 
0.068500 	 -0.034700 	 -0.040478 	 -4.000000 	 -59.000000 
0.068600 	 -0.034581 	 -0.040593 	 -7.000000 	 -53.000000 
0.068700 	 -0.034467 	 -0.040633 	 -6.000000 	 -35.000000 
0.068800 	 -0.034424 	 -0.040656 	 11.000000 	 -31.000000 
0.068900 	 -0.034459 	 -0.040806 	 30.000000 	 -62.000000 
0.069000 	 -0.034441 	 -0.040972 	 17.000000 	 -66.000000 
0.069100 	 -0.034430 	 -0.041072 	 19.000000 	 -50.000000 
0.069200 	 -0.034555 	 -0.041237 	 52.000000 	 -66.000000 
0.069300 	 -0.034618 	 -0.041364 	 37.000000 	 -57.000000 
0.069400 	 -0.034692 	 -0.041478 	 40.000000 	 -54.000000 
0.069500 	 -0.034722 	 -0.041539 	 29.000000 	 -41.000000 
0.069600 	 -0.034945 	 -0.041632 	 77.000000 	 -49.000000 
0.069700 	 -0.035026 	 -0.041757 	 42.000000 	 -57.000000 
0.069800 	 -0.035111 	 -0.041845 	 43.000000 	 -48.000000 
0.069900 	 -0.035264 	 -0.041893 	 60.000000 	 -38.000000 
0.070000 	 -0.035436 	 -0.041880 	 65.000000 	 -23.000000 
0.070100 	 -0.035638 	 -0.041971 	 73.000000 	 -49.000000 
0.070200 	 -0.035717 	 -0.041967 	 42.000000 	 -25.000000 
0.070300 	 -0.035871 	 -0.041990 	 61.000000 	 -32.000000 
0.070400 	 -0.035806 	 -0.042005 	 6.000000 	 -30.000000 
0.070500 	 -0.035816 	 -0.041854 	 25.000000 	 12.000000 
0.070600 	 -0.035830 	 -0.041775 	 26.000000 	 -6.000000 
0.070700 	 -0.035806 	 -0.041833 	 16.000000 	 -41.000000 
0.070800 	 -0.035824 	 -0.041845 	 27.000000 	 -29.000000 
0.070900 	 -0.035900 	 -0.041813 	 42.000000 	 -18.000000 
0.071000 	 -0.035946 	 -0.041692 	 34.000000 	 5.000000 
0.071100 	 -0.035960 	 -0.041563 	 26.000000 	 7.000000 
0.071200 	 -0.036136 	 -0.041455 	 68.000000 	 2.000000 
0.071300 	 -0.036088 	 -0.041378 	 10.000000 	 -6.000000 
0.071400 	 -0.036117 	 -0.041301 	 30.000000 	 -6.000000 
0.071500 	 -0.036234 	 -0.041063 	 53.000000 	 36.000000 
0.071600 	 -0.036393 	 -0.040769 	 64.000000 	 51.000000 
0.071700 	 -0.036390 	 -0.040637 	 22.000000 	 9.000000 
0.071800 	 -0.036357 	 -0.040506 	 14.000000 	 9.000000 
0.071900 	 -0.036297 	 -0.040333 	 7.000000 	 20.000000 
0.072000 	 -0.036230 	 -0.040203 	 5.000000 	 9.000000 
0.072100 	 -0.036231 	 -0.040089 	 23.000000 	 5.000000 
0.072200 	 -0.036274 	 -0.040051 	 34.000000 	 -15.000000 
0.072300 	 -0.036329 	 -0.039964 	 37.000000 	 -2.000000 
0.072400 	 -0.036330 	 -0.039851 	 23.000000 	 5.000000 
0.072500 	 -0.036199 	 -0.039866 	 -12.000000 	 -29.000000 
0.072600 	 -0.036223 	 -0.039818 	 29.000000 	 -12.000000 
0.072700 	 -0.036247 	 -0.039856 	 29.000000 	 -35.000000 
0.072800 	 -0.036129 	 -0.039927 	 -9.000000 	 -44.000000 
0.072900 	 -0.036064 	 -0.039939 	 5.000000 	 -28.000000 
0.073000 	 -0.035976 	 -0.039872 	 -1.000000 	 -7.000000 
0.073100 	 -0.035960 	 -0.039984 	 18.000000 	 -55.000000 
0.073200 	 -0.036125 	 -0.040210 	 67.000000 	 -86.000000 
0.073300 	 -0.036307 	 -0.040265 	 72.000000 	 -40.000000 
0.073400 	 -0.036482 	 -0.040323 	 70.000000 	 -41.000000 
0.073500 	 -0.036538 	 -0.040330 	 38.000000 	 -27.000000 
0.073600 	 -0.036483 	 -0.040370 	 8.000000 	 -36.000000 
0.073700 	 -0.036459 	 -0.040468 	 16.000000 	 -52.000000 
0.073800 	 -0.036460 	 -0.040518 	 23.000000 	 -39.000000 
0.073900 	 -0.036442 	 -0.040608 	 18.000000 	 -50.000000 
0.074000 	 -0.036349 	 -0.040763 	 -3.000000 	 -68.000000 
0.074100 	 -0.036281 	 -0.040939 	 4.000000 	 -74.000000 
0.074200 	 -0.036257 	 -0.041085 	 16.000000 	 -66.000000 
0.074300 	 -0.036298 	 -0.041206 	 34.000000 	 -59.000000 
0.074400 	 -0.036371 	 -0.041401 	 43.000000 	 -80.000000 
0.074500 	 -0.036466 	 -0.041560 	 49.000000 	 -70.000000 
0.074600 	 -0.036409 	 -0.041703 	 7.000000 	 -66.000000 
0.074700 	 -0.036428 	 -0.041778 	 28.000000 	 -47.000000 
0.074800 	 -0.036493 	 -0.041846 	 41.000000 	 -45.000000 
0.074900 	 -0.036569 	 -0.041863 	 44.000000 	 -31.000000 
0.075000 	 -0.036616 	 -0.041866 	 36.000000 	 -27.000000 
0.075100 	 -0.036627 	 -0.041894 	 26.000000 	 -34.000000 
0.075200 	 -0.036585 	 -0.041890 	 11.000000 	 -25.000000 
0.075300 	 -0.036698 	 -0.041946 	 55.000000 	 -42.000000 
0.075400 	 -0.036847 	 -0.041896 	 65.000000 	 -12.000000 
0.075500 	 -0.037022 	 -0.041871 	 73.000000 	 -19.000000 
0.075600 	 -0.037159 	 -0.041863 	 62.000000 	 -24.000000 
0.075700 	 -0.037259 	 -0.041894 	 52.000000 	 -35.000000 
0.075800 	 -0.037290 	 -0.041929 	 32.000000 	 -36.000000 
0.075900 	 -0.037265 	 -0.041935 	 16.000000 	 -28.000000 
0.076000 	 -0.037215 	 -0.041924 	 9.000000 	 -23.000000 
0.076100 	 -0.037242 	 -0.041990 	 31.000000 	 -45.000000 
0.076200 	 -0.037158 	 -0.041989 	 -1.000000 	 -26.000000 
0.076300 	 -0.037126 	 -0.041988 	 14.000000 	 -26.000000 
0.076400 	 -0.037015 	 -0.042032 	 -9.000000 	 -39.000000 
0.076500 	 -0.036867 	 -0.042079 	 -20.000000 	 -40.000000 
0.076600 	 -0.036641 	 -0.042000 	 -43.000000 	 -3.000000 
0.076700 	 -0.036467 	 -0.041992 	 -28.000000 	 -24.000000 
0.076800 	 -0.036245 	 -0.042046 	 -42.000000 	 -42.000000 
0.076900 	 -0.036080 	 -0.042072 	 -26.000000 	 -34.000000 
0.077000 	 -0.035857 	 -0.042163 	 -43.000000 	 -53.000000 
0.077100 	 -0.035638 	 -0.042179 	 -42.000000 	 -31.000000 
0.077200 	 -0.035509 	 -0.042171 	 -16.000000 	 -24.000000 
0.077300 	 -0.035403 	 -0.042116 	 -9.000000 	 -10.000000 
0.077400 	 -0.035261 	 -0.042125 	 -20.000000 	 -29.000000 
0.077500 	 -0.035194 	 -0.042195 	 2.000000 	 -47.000000 
0.077600 	 -0.035208 	 -0.042254 	 26.000000 	 -44.000000 
0.077700 	 -0.035308 	 -0.042253 	 52.000000 	 -26.000000 
0.077800 	 -0.035358 	 -0.042259 	 37.000000 	 -28.000000 
0.077900 	 -0.035451 	 -0.042217 	 50.000000 	 -14.000000 
0.078000 	 -0.035574 	 -0.042230 	 59.000000 	 -30.000000 
0.078100 	 -0.035653 	 -0.042252 	 46.000000 	 -33.000000 
0.078200 	 -0.035752 	 -0.042257 	 52.000000 	 -28.000000 
0.078300 	 -0.035917 	 -0.042309 	 72.000000 	 -42.000000 
0.078400 	 -0.036133 	 -0.042410 	 88.000000 	 -57.000000 
0.078500 	 -0.036303 	 -0.042438 	 74.000000 	 -35.000000 
0.078600 	 -0.036462 	 -0.042446 	 71.000000 	 -29.000000 
0.078700 	 -0.036784 	 -0.042497 	 121.000000 	 -42.000000 
0.078800 	 -0.037037 	 -0.042505 	 100.000000 	 -29.000000 
0.078900 	 -0.037144 	 -0.042454 	 56.000000 	 -11.000000 
0.079000 	 -0.037382 	 -0.042557 	 96.000000 	 -58.000000 
0.079100 	 -0.037566 	 -0.042679 	 80.000000 	 -64.000000 
0.079200 	 -0.037672 	 -0.042781 	 56.000000 	 -58.000000 
0.079300 	 -0.037927 	 -0.042801 	 102.000000 	 -33.000000 
0.079400 	 -0.038074 	 -0.042887 	 69.000000 	 -53.000000 
0.079500 	 -0.038165 	 -0.042952 	 52.000000 	 -47.000000 
0.079600 	 -0.038210 	 -0.043052 	 38.000000 	 -58.000000 
0.079700 	 -0.038446 	 -0.043104 	 97.000000 	 -43.000000 
0.079800 	 -0.038584 	 -0.043178 	 67.000000 	 -50.000000 
0.079900 	 -0.038734 	 -0.043214 	 71.000000 	 -38.000000 
0.080000 	 -0.038897 	 -0.043166 	 75.000000 	 -12.000000 
0.080100 	 -0.039049 	 -0.043224 	 72.000000 	 -45.000000 
0.080200 	 -0.039156 	 -0.043329 	 58.000000 	 -60.000000 
0.080300 	 -0.039241 	 -0.043329 	 51.000000 	 -27.000000 
0.080400 	 -0.039242 	 -0.043357 	 25.000000 	 -36.000000 
0.080500 	 -0.039203 	 -0.043465 	 12.000000 	 -61.000000 
0.080600 	 -0.039154 	 -0.043613 	 9.000000 	 -74.000000 
0.080700 	 -0.039212 	 -0.043716 	 43.000000 	 -60.000000 
0.080800 	 -0.039129 	 -0.043756 	 -2.000000 	 -40.000000 
0.080900 	 -0.039008 	 -0.043799 	 -14.000000 	 -41.000000 
0.081000 	 -0.038944 	 -0.043845 	 4.000000 	 -42.000000 
0.081100 	 -0.038850 	 -0.043863 	 -6.000000 	 -33.000000 
0.081200 	 -0.038749 	 -0.043949 	 -8.000000 	 -55.000000 
0.081300 	 -0.038645 	 -0.044044 	 -9.000000 	 -58.000000 
0.081400 	 -0.038542 	 -0.044158 	 -9.000000 	 -64.000000 
0.081500 	 -0.038406 	 -0.044346 	 -20.000000 	 -88.000000 
0.081600 	 -0.038322 	 -0.044480 	 -3.000000 	 -71.000000 
0.081700 	 -0.038239 	 -0.044549 	 -3.000000 	 -50.000000 
0.081800 	 -0.038230 	 -0.044651 	 21.000000 	 -61.000000 
0.081900 	 -0.038215 	 -0.044842 	 19.000000 	 -90.000000 
0.082000 	 -0.038191 	 -0.044944 	 16.000000 	 -61.000000 
0.082100 	 -0.038207 	 -0.044953 	 29.000000 	 -31.000000 
0.082200 	 -0.038143 	 -0.044928 	 3.000000 	 -20.000000 
0.082300 	 -0.038226 	 -0.044971 	 51.000000 	 -42.000000 
0.082400 	 -0.038211 	 -0.045053 	 19.000000 	 -55.000000 
0.082500 	 -0.038151 	 -0.045187 	 4.000000 	 -72.000000 
0.082600 	 -0.038188 	 -0.045274 	 36.000000 	 -57.000000 
0.082700 	 -0.038249 	 -0.045386 	 44.000000 	 -65.000000 
0.082800 	 -0.038349 	 -0.045397 	 57.000000 	 -32.000000 
0.082900 	 -0.038531 	 -0.045354 	 84.000000 	 -14.000000 
0.083000 	 -0.038627 	 -0.045377 	 56.000000 	 -36.000000 
0.083100 	 -0.038654 	 -0.045448 	 33.000000 	 -52.000000 
0.083200 	 -0.038732 	 -0.045531 	 50.000000 	 -56.000000 
0.083300 	 -0.038986 	 -0.045626 	 109.000000 	 -60.000000 
0.083400 	 -0.039162 	 -0.045667 	 83.000000 	 -42.000000 
0.083500 	 -0.039421 	 -0.045755 	 111.000000 	 -58.000000 
0.083600 	 -0.039693 	 -0.045753 	 116.000000 	 -28.000000 
0.083700 	 -0.039858 	 -0.045769 	 80.000000 	 -34.000000 
0.083800 	 -0.040075 	 -0.045771 	 98.000000 	 -29.000000 
0.083900 	 -0.040345 	 -0.045804 	 116.000000 	 -40.000000 
0.084000 	 -0.040629 	 -0.045853 	 121.000000 	 -45.000000 
0.084100 	 -0.040823 	 -0.045931 	 91.000000 	 -55.000000 
0.084200 	 -0.040990 	 -0.046018 	 82.000000 	 -58.000000 
0.084300 	 -0.041165 	 -0.046086 	 85.000000 	 -52.000000 
0.084400 	 -0.041360 	 -0.046090 	 92.000000 	 -30.000000 
0.084500 	 -0.041527 	 -0.045997 	 83.000000 	 3.000000 
0.084600 	 -0.041668 	 -0.045883 	 74.000000 	 10.000000 
0.084700 	 -0.041750 	 -0.045823 	 54.000000 	 -8.000000 
0.084800 	 -0.041782 	 -0.045742 	 37.000000 	 -1.000000 
0.084900 	 -0.041750 	 -0.045749 	 15.000000 	 -31.000000 
0.085000 	 -0.041697 	 -0.045730 	 8.000000 	 -22.000000 
0.085100 	 -0.041622 	 -0.045659 	 0.000000 	 -4.000000 
0.085200 	 -0.041503 	 -0.045513 	 -15.000000 	 22.000000 
0.085300 	 -0.041474 	 -0.045486 	 16.000000 	 -19.000000 
0.085400 	 -0.041394 	 -0.045479 	 -2.000000 	 -26.000000 
0.085500 	 -0.041311 	 -0.045383 	 -3.000000 	 5.000000 
0.085600 	 -0.041288 	 -0.045301 	 18.000000 	 0.000000 
0.085700 	 -0.041137 	 -0.045197 	 -27.000000 	 8.000000 
0.085800 	 -0.041000 	 -0.045125 	 -22.000000 	 -3.000000 
0.085900 	 -0.040881 	 -0.045124 	 -16.000000 	 -28.000000 
0.086000 	 -0.040757 	 -0.045152 	 -18.000000 	 -38.000000 
0.086100 	 -0.040736 	 -0.045237 	 18.000000 	 -58.000000 
0.086200 	 -0.040663 	 -0.045288 	 0.000000 	 -46.000000 
0.086300 	 -0.040586 	 -0.045330 	 -2.000000 	 -43.000000 
0.086400 	 -0.040468 	 -0.045451 	 -16.000000 	 -71.000000 
0.086500 	 -0.040388 	 -0.045597 	 -3.000000 	 -80.000000 
0.086600 	 -0.040309 	 -0.045788 	 -3.000000 	 -96.000000 
0.086700 	 -0.040263 	 -0.045913 	 9.000000 	 -73.000000 
0.086800 	 -0.040215 	 -0.046106 	 8.000000 	 -97.000000 
0.086900 	 -0.040257 	 -0.046244 	 40.000000 	 -78.000000 
0.087000 	 -0.040234 	 -0.046387 	 17.000000 	 -80.000000 
0.087100 	 -0.040217 	 -0.046570 	 19.000000 	 -94.000000 
0.087200 	 -0.040242 	 -0.046743 	 34.000000 	 -91.000000 
0.087300 	 -0.040289 	 -0.046885 	 42.000000 	 -80.000000 
0.087400 	 -0.040411 	 -0.047096 	 69.000000 	 -105.000000 
0.087500 	 -0.040508 	 -0.047323 	 60.000000 	 -111.000000 
0.087600 	 -0.040538 	 -0.047457 	 36.000000 	 -78.000000 
0.087700 	 -0.040584 	 -0.047561 	 42.000000 	 -67.000000 
0.087800 	 -0.040727 	 -0.047645 	 77.000000 	 -60.000000 
0.087900 	 -0.040941 	 -0.047737 	 103.000000 	 -63.000000 
0.088000 	 -0.041152 	 -0.047803 	 102.000000 	 -54.000000 
0.088100 	 -0.041390 	 -0.047862 	 112.000000 	 -51.000000 
0.088200 	 -0.041585 	 -0.047851 	 97.000000 	 -26.000000 
0.088300 	 -0.041783 	 -0.047920 	 98.000000 	 -55.000000 
0.088400 	 -0.041977 	 -0.048046 	 97.000000 	 -76.000000 
0.088500 	 -0.042089 	 -0.048166 	 67.000000 	 -74.000000 
0.088600 	 -0.042235 	 -0.048232 	 80.000000 	 -54.000000 
0.088700 	 -0.042379 	 -0.048343 	 79.000000 	 -71.000000 
0.088800 	 -0.042462 	 -0.048433 	 57.000000 	 -63.000000 
0.088900 	 -0.042496 	 -0.048565 	 39.000000 	 -79.000000 
0.089000 	 -0.042627 	 -0.048664 	 75.000000 	 -67.000000 
0.089100 	 -0.042747 	 -0.048723 	 71.000000 	 -52.000000 
0.089200 	 -0.042824 	 -0.048743 	 55.000000 	 -38.000000 
0.089300 	 -0.042814 	 -0.048729 	 23.000000 	 -25.000000 
0.089400 	 -0.042855 	 -0.048660 	 42.000000 	 -5.000000 
0.089500 	 -0.042866 	 -0.048676 	 31.000000 	 -36.000000 
0.089600 	 -0.042886 	 -0.048715 	 34.000000 	 -45.000000 
0.089700 	 -0.042908 	 -0.048754 	 35.000000 	 -45.000000 
0.089800 	 -0.042946 	 -0.048798 	 41.000000 	 -47.000000 
0.089900 	 -0.042914 	 -0.048824 	 15.000000 	 -40.000000 
0.090000 	 -0.042819 	 -0.048852 	 -9.000000 	 -41.000000 
0.090100 	 -0.042732 	 -0.048898 	 -6.000000 	 -48.000000 
0.090200 	 -0.042563 	 -0.048865 	 -37.000000 	 -18.000000 
0.090300 	 -0.042423 	 -0.048872 	 -26.000000 	 -33.000000 
0.090400 	 -0.042353 	 -0.048852 	 0.000000 	 -23.000000 
0.090500 	 -0.042328 	 -0.048774 	 17.000000 	 -1.000000 
0.090600 	 -0.042324 	 -0.048762 	 25.000000 	 -26.000000 
0.090700 	 -0.042321 	 -0.048682 	 25.000000 	 0.000000 
0.090800 	 -0.042312 	 -0.048626 	 23.000000 	 -9.000000 
0.090900 	 -0.042234 	 -0.048596 	 -3.000000 	 -19.000000 
0.091000 	 -0.042192 	 -0.048490 	 10.000000 	 10.000000 
0.091100 	 -0.042175 	 -0.048440 	 20.000000 	 -11.000000 
0.091200 	 -0.042117 	 -0.048455 	 4.000000 	 -36.000000 
0.091300 	 -0.042077 	 -0.048444 	 11.000000 	 -26.000000 
0.091400 	 -0.042102 	 -0.048420 	 36.000000 	 -21.000000 
0.091500 	 -0.042109 	 -0.048396 	 29.000000 	 -21.000000 
0.091600 	 -0.042192 	 -0.048424 	 58.000000 	 -41.000000 
0.091700 	 -0.042310 	 -0.048366 	 72.000000 	 -8.000000 
0.091800 	 -0.042506 	 -0.048226 	 102.000000 	 24.000000 
0.091900 	 -0.042680 	 -0.048127 	 94.000000 	 8.000000 
0.092000 	 -0.042874 	 -0.048070 	 102.000000 	 -8.000000 
0.092100 	 -0.043066 	 -0.048104 	 101.000000 	 -43.000000 
0.092200 	 -0.043259 	 -0.048045 	 102.000000 	 -7.000000 
0.092300 	 -0.043446 	 -0.048006 	 100.000000 	 -15.000000 
0.092400 	 -0.043705 	 -0.048024 	 128.000000 	 -37.000000 
0.092500 	 -0.043934 	 -0.047981 	 117.000000 	 -13.000000 
0.092600 	 -0.044143 	 -0.047981 	 109.000000 	 -30.000000 
0.092700 	 -0.044287 	 -0.047973 	 84.000000 	 -27.000000 
0.092800 	 -0.044507 	 -0.047994 	 114.000000 	 -38.000000 
0.092900 	 -0.044678 	 -0.047966 	 95.000000 	 -19.000000 
0.093000 	 -0.044805 	 -0.047941 	 78.000000 	 -20.000000 
0.093100 	 -0.045005 	 -0.048055 	 107.000000 	 -75.000000 
0.093200 	 -0.045155 	 -0.048156 	 87.000000 	 -70.000000 
0.093300 	 -0.045339 	 -0.048288 	 101.000000 	 -82.000000 
0.093400 	 -0.045507 	 -0.048472 	 95.000000 	 -103.000000 
0.093500 	 -0.045564 	 -0.048564 	 51.000000 	 -67.000000 
0.093600 	 -0.045522 	 -0.048546 	 12.000000 	 -23.000000 
0.093700 	 -0.045526 	 -0.048600 	 30.000000 	 -52.000000 
0.093800 	 -0.045498 	 -0.048637 	 17.000000 	 -45.000000 
0.093900 	 -0.045419 	 -0.048721 	 -3.000000 	 -64.000000 
0.094000 	 -0.045381 	 -0.048800 	 13.000000 	 -62.000000 
0.094100 	 -0.045318 	 -0.048894 	 3.000000 	 -68.000000 
0.094200 	 -0.045217 	 -0.048930 	 -12.000000 	 -45.000000 
0.094300 	 -0.045152 	 -0.049031 	 2.000000 	 -71.000000 
0.094400 	 -0.045082 	 -0.049059 	 0.000000 	 -42.000000 
0.094500 	 -0.044928 	 -0.049038 	 -34.000000 	 -22.000000 
0.094600 	 -0.044831 	 -0.049081 	 -11.000000 	 -48.000000 
0.094700 	 -0.044735 	 -0.049104 	 -11.000000 	 -40.000000 
0.094800 	 -0.044599 	 -0.049152 	 -27.000000 	 -50.000000 
0.094900 	 -0.044417 	 -0.049226 	 -46.000000 	 -61.000000 
0.095000 	 -0.044275 	 -0.049252 	 -30.000000 	 -41.000000 
0.095100 	 -0.044158 	 -0.049287 	 -20.000000 	 -45.000000 
0.095200 	 -0.044071 	 -0.049336 	 -8.000000 	 -51.000000 
0.095300 	 -0.044060 	 -0.049312 	 23.000000 	 -21.000000 
0.095400 	 -0.044154 	 -0.049320 	 66.000000 	 -34.000000 
0.095500 	 -0.044170 	 -0.049455 	 34.000000 	 -86.000000 
0.095600 	 -0.044181 	 -0.049628 	 32.000000 	 -102.000000 
0.095700 	 -0.044250 	 -0.049750 	 56.000000 	 -81.000000 
0.095800 	 -0.044297 	 -0.049838 	 47.000000 	 -67.000000 
0.095900 	 -0.044405 	 -0.049886 	 72.000000 	 -51.000000 
0.096000 	 -0.044616 	 -0.049932 	 115.000000 	 -50.000000 
0.096100 	 -0.044885 	 -0.049965 	 139.000000 	 -45.000000 
0.096200 	 -0.045103 	 -0.049984 	 118.000000 	 -39.000000 
0.096300 	 -0.045389 	 -0.049950 	 147.000000 	 -17.000000 
0.096400 	 -0.045748 	 -0.049884 	 177.000000 	 -4.000000 
0.096500 	 -0.046076 	 -0.049874 	 165.000000 	 -27.000000 
0.096600 	 -0.046408 	 -0.049864 	 167.000000 	 -27.000000 
0.096700 	 -0.046669 	 -0.049826 	 138.000000 	 -15.000000 
0.096800 	 -0.046918 	 -0.049790 	 133.000000 	 -16.000000 
0.096900 	 -0.047130 	 -0.049670 	 118.000000 	 19.000000 
0.097000 	 -0.047222 	 -0.049639 	 68.000000 	 -18.000000 
0.097100 	 -0.047314 	 -0.049620 	 68.000000 	 -23.000000 
0.097200 	 -0.047346 	 -0.049584 	 43.000000 	 -16.000000 
0.097300 	 -0.047278 	 -0.049575 	 1.000000 	 -27.000000 
0.097400 	 -0.047249 	 -0.049556 	 17.000000 	 -23.000000 
0.097500 	 -0.047264 	 -0.049589 	 36.000000 	 -45.000000 
0.097600 	 -0.047346 	 -0.049641 	 64.000000 	 -53.000000 
0.097700 	 -0.047404 	 -0.049623 	 54.000000 	 -23.000000 
0.097800 	 -0.047485 	 -0.049599 	 64.000000 	 -21.000000 
0.097900 	 -0.047521 	 -0.049528 	 45.000000 	 -1.000000 
0.098000 	 -0.047557 	 -0.049482 	 45.000000 	 -11.000000 
0.098100 	 -0.047480 	 -0.049440 	 -3.000000 	 -13.000000 
0.098200 	 -0.047387 	 -0.049395 	 -10.000000 	 -12.000000 
0.098300 	 -0.047337 	 -0.049351 	 8.000000 	 -12.000000 
0.098400 	 -0.047233 	 -0.049277 	 -15.000000 	 1.000000 
0.098500 	 -0.047068 	 -0.049228 	 -41.000000 	 -10.000000 
0.098600 	 -0.046976 	 -0.049271 	 -10.000000 	 -49.000000 
0.098700 	 -0.046896 	 -0.049293 	 -5.000000 	 -40.000000 
0.098800 	 -0.046791 	 -0.049333 	 -16.000000 	 -48.000000 
0.098900 	 -0.046698 	 -0.049384 	 -11.000000 	 -53.000000 
0.099000 	 -0.046605 	 -0.049424 	 -11.000000 	 -48.000000 
0.099100 	 -0.046491 	 -0.049545 	 -20.000000 	 -83.000000 
0.099200 	 -0.046375 	 -0.049635 	 -21.000000 	 -70.000000 
0.099300 	 -0.046232 	 -0.049691 	 -33.000000 	 -55.000000 
0.099400 	 -0.046173 	 -0.049767 	 3.000000 	 -64.000000 
0.099500 	 -0.046134 	 -0.049854 	 12.000000 	 -69.000000 
0.099600 	 -0.046121 	 -0.049989 	 23.000000 	 -90.000000 
0.099700 	 -0.046121 	 -0.050097 	 29.000000 	 -78.000000 
0.099800 	 -0.046145 	 -0.050229 	 39.000000 	 -89.000000 
0.099900 	 -0.046104 	 -0.050304 	 11.000000 	 -64.000000 
0.100000 	 -0.045992 	 -0.050330 	 -20.000000 	 -43.000000 
