0.000100 	 44655.144716 	 44655.144716 	 0.000000 	 0.000000
0.000200 	 -42467.788805 	 -42467.788805 	 0.000000 	 0.000000
0.000300 	 -15959.265731 	 -15959.265731 	 0.000000 	 0.000000
0.000400 	 -83953.530185 	 -83953.530185 	 0.000000 	 0.000000
0.000500 	 -86940.788701 	 -86940.788701 	 0.000000 	 0.000000
0.000600 	 -61752.990482 	 -61752.990482 	 0.000000 	 0.000000
0.000700 	 -111940.765117 	 -111940.765117 	 0.000000 	 0.000000
0.000800 	 -109887.232187 	 -109887.232187 	 0.000000 	 0.000000
0.000900 	 -56083.061090 	 -56083.061090 	 0.000000 	 0.000000
0.001000 	 -40887.268842 	 -40887.268842 	 0.000000 	 0.000000
0.001100 	 -42949.861975 	 -42949.861975 	 0.000000 	 0.000000
0.001200 	 -46380.040481 	 -46380.040481 	 0.000000 	 0.000000
0.001300 	 -35064.731992 	 -35064.731992 	 0.000000 	 0.000000
0.001400 	 -46138.405281 	 -46138.405281 	 0.000000 	 0.000000
0.001500 	 -55118.087184 	 -55118.087184 	 0.000000 	 0.000000
0.001600 	 -61301.003422 	 -61301.003422 	 0.000000 	 0.000000
0.001700 	 -79948.673116 	 -79948.673116 	 0.000000 	 0.000000
0.001800 	 -67983.301969 	 -67983.301969 	 0.000000 	 0.000000
0.001900 	 -54657.791942 	 -54657.791942 	 0.000000 	 0.000000
0.002000 	 -55627.556976 	 -55627.556976 	 0.000000 	 0.000000
0.002100 	 -55944.430740 	 -55944.430740 	 0.000000 	 0.000000
0.002200 	 -63691.742635 	 -63691.742635 	 0.000000 	 0.000000
0.002300 	 -50292.842541 	 -50292.842541 	 0.000000 	 0.000000
0.002400 	 -34215.372458 	 -34215.372458 	 0.000000 	 0.000000
0.002500 	 -29357.493452 	 -29357.493452 	 0.000000 	 0.000000
0.002600 	 -21724.566686 	 -21724.566686 	 0.000000 	 0.000000
0.002700 	 -28940.271317 	 -28940.271317 	 0.000000 	 0.000000
0.002800 	 -26851.351541 	 -26851.351541 	 0.000000 	 0.000000
0.002900 	 -35652.090946 	 -35652.090946 	 0.000000 	 0.000000
0.003000 	 -45958.652238 	 -45958.652238 	 0.000000 	 0.000000
0.003100 	 -57779.321420 	 -57779.321420 	 0.000000 	 0.000000
0.003200 	 -63420.820214 	 -63420.820214 	 0.000000 	 0.000000
0.003300 	 -64214.774621 	 -64214.774621 	 0.000000 	 0.000000
0.003400 	 -64936.244453 	 -64936.244453 	 0.000000 	 0.000000
0.003500 	 -49778.312875 	 -49778.312875 	 0.000000 	 0.000000
0.003600 	 -58596.681184 	 -58596.681184 	 0.000000 	 0.000000
0.003700 	 -56907.943128 	 -56907.943128 	 0.000000 	 0.000000
0.003800 	 -60478.230263 	 -60478.230263 	 0.000000 	 0.000000
0.003900 	 -60673.872478 	 -60673.872478 	 0.000000 	 0.000000
0.004000 	 -70496.592734 	 -70496.592734 	 0.000000 	 0.000000
0.004100 	 -72221.703395 	 -72221.703395 	 0.000000 	 0.000000
0.004200 	 -89024.209840 	 -89024.209840 	 0.000000 	 0.000000
0.004300 	 -90329.725987 	 -90329.725987 	 0.000000 	 0.000000
0.004400 	 -86395.122062 	 -86395.122062 	 0.000000 	 0.000000
0.004500 	 -72226.903514 	 -72226.903514 	 0.000000 	 0.000000
0.004600 	 -71114.983546 	 -71114.983546 	 0.000000 	 0.000000
0.004700 	 -78159.417112 	 -78159.417112 	 0.000000 	 0.000000
0.004800 	 -79846.906562 	 -79846.906562 	 0.000000 	 0.000000
0.004900 	 -87707.378258 	 -87707.378258 	 0.000000 	 0.000000
0.005000 	 -83858.024451 	 -83858.024451 	 0.000000 	 0.000000
0.005100 	 -76499.490246 	 -76499.490246 	 0.000000 	 0.000000
0.005200 	 -79641.955821 	 -79641.955821 	 0.000000 	 0.000000
0.005300 	 -83216.992297 	 -83216.992297 	 0.000000 	 0.000000
0.005400 	 -88282.101058 	 -88282.101058 	 0.000000 	 0.000000
0.005500 	 -87520.831159 	 -87520.831159 	 0.000000 	 0.000000
0.005600 	 -86144.703645 	 -86144.703645 	 0.000000 	 0.000000
0.005700 	 -88548.586742 	 -88548.586742 	 0.000000 	 0.000000
0.005800 	 -84787.779818 	 -84787.779818 	 0.000000 	 0.000000
0.005900 	 -84072.658926 	 -84072.658926 	 0.000000 	 0.000000
0.006000 	 -94678.618213 	 -94678.618213 	 0.000000 	 0.000000
0.006100 	 -92037.755123 	 -92037.755123 	 0.000000 	 0.000000
0.006200 	 -92786.521756 	 -92786.521756 	 0.000000 	 0.000000
0.006300 	 -84830.499227 	 -84830.499227 	 0.000000 	 0.000000
0.006400 	 -80679.883503 	 -80679.883503 	 0.000000 	 0.000000
0.006500 	 -71498.532521 	 -71498.532521 	 0.000000 	 0.000000
0.006600 	 -74368.101533 	 -74368.101533 	 0.000000 	 0.000000
0.006700 	 -77384.655266 	 -77384.655266 	 0.000000 	 0.000000
0.006800 	 -78498.609097 	 -78498.609097 	 0.000000 	 0.000000
0.006900 	 -79418.701759 	 -79418.701759 	 0.000000 	 0.000000
0.007000 	 -81070.303046 	 -81070.303046 	 0.000000 	 0.000000
0.007100 	 -77568.134448 	 -77568.134448 	 0.000000 	 0.000000
0.007200 	 -82120.961498 	 -82120.961498 	 0.000000 	 0.000000
0.007300 	 -83537.375516 	 -83537.375516 	 0.000000 	 0.000000
0.007400 	 -78528.984654 	 -78528.984654 	 0.000000 	 0.000000
0.007500 	 -73432.217223 	 -73432.217223 	 0.000000 	 0.000000
0.007600 	 -74465.996676 	 -74465.996676 	 0.000000 	 0.000000
0.007700 	 -80605.312642 	 -80605.312642 	 0.000000 	 0.000000
0.007800 	 -91160.329017 	 -91160.329017 	 0.000000 	 0.000000
0.007900 	 -103132.612544 	 -103132.612544 	 0.000000 	 0.000000
0.008000 	 -104511.232107 	 -104511.232107 	 0.000000 	 0.000000
0.008100 	 -109319.562438 	 -109319.562438 	 0.000000 	 0.000000
0.008200 	 -111472.407837 	 -111472.407837 	 0.000000 	 0.000000
0.008300 	 -110166.396347 	 -110166.396347 	 0.000000 	 0.000000
0.008400 	 -110995.159805 	 -110995.159805 	 0.000000 	 0.000000
0.008500 	 -105596.169975 	 -105596.169975 	 0.000000 	 0.000000
0.008600 	 -110078.861689 	 -110078.861689 	 0.000000 	 0.000000
0.008700 	 -110204.956289 	 -110204.956289 	 0.000000 	 0.000000
0.008800 	 -119092.391996 	 -119092.391996 	 0.000000 	 0.000000
0.008900 	 -113459.548114 	 -113459.548114 	 0.000000 	 0.000000
0.009000 	 -108600.655262 	 -108600.655262 	 0.000000 	 0.000000
0.009100 	 -108742.385959 	 -108742.385959 	 0.000000 	 0.000000
0.009200 	 -108631.285277 	 -108631.285277 	 0.000000 	 0.000000
0.009300 	 -110307.872863 	 -110307.872863 	 0.000000 	 0.000000
0.009400 	 -119372.977757 	 -119372.977757 	 0.000000 	 0.000000
0.009500 	 -123363.148881 	 -123363.148881 	 0.000000 	 0.000000
0.009600 	 -124190.513770 	 -124190.513770 	 0.000000 	 0.000000
0.009700 	 -121594.132270 	 -121594.132270 	 0.000000 	 0.000000
0.009800 	 -116069.087773 	 -116069.087773 	 0.000000 	 0.000000
0.009900 	 -118287.187424 	 -118287.187424 	 0.000000 	 0.000000
0.010000 	 -114824.267187 	 -114824.267187 	 0.000000 	 0.000000
0.010100 	 -113928.306759 	 -113928.306759 	 0.000000 	 0.000000
0.010200 	 -109522.782051 	 -109522.782051 	 0.000000 	 0.000000
0.010300 	 -111643.258336 	 -111643.258336 	 0.000000 	 0.000000
0.010400 	 -114541.191107 	 -114541.191107 	 0.000000 	 0.000000
0.010500 	 -113483.520115 	 -113483.520115 	 0.000000 	 0.000000
0.010600 	 -120747.266736 	 -120747.266736 	 0.000000 	 0.000000
0.010700 	 -118784.725707 	 -118784.725707 	 0.000000 	 0.000000
0.010800 	 -118725.176959 	 -118725.176959 	 0.000000 	 0.000000
0.010900 	 -118434.589870 	 -118434.589870 	 0.000000 	 0.000000
0.011000 	 -115178.524843 	 -115178.524843 	 0.000000 	 0.000000
0.011100 	 -114841.591340 	 -114841.591340 	 0.000000 	 0.000000
0.011200 	 -115722.406432 	 -115722.406432 	 0.000000 	 0.000000
0.011300 	 -118812.641602 	 -118812.641602 	 0.000000 	 0.000000
0.011400 	 -117627.635288 	 -117627.635288 	 0.000000 	 0.000000
0.011500 	 -117435.016480 	 -117435.016480 	 0.000000 	 0.000000
0.011600 	 -117088.790619 	 -117088.790619 	 0.000000 	 0.000000
0.011700 	 -118336.216075 	 -118336.216075 	 0.000000 	 0.000000
0.011800 	 -122173.109326 	 -122173.109326 	 0.000000 	 0.000000
0.011900 	 -128072.396071 	 -128072.396071 	 0.000000 	 0.000000
0.012000 	 -130023.909923 	 -130023.909923 	 0.000000 	 0.000000
0.012100 	 -129574.381017 	 -129574.381017 	 0.000000 	 0.000000
0.012200 	 -131535.879804 	 -131535.879804 	 0.000000 	 0.000000
0.012300 	 -133014.059202 	 -133014.059202 	 0.000000 	 0.000000
0.012400 	 -134129.414715 	 -134129.414715 	 0.000000 	 0.000000
0.012500 	 -132998.870891 	 -132998.870891 	 0.000000 	 0.000000
0.012600 	 -135202.980026 	 -135202.980026 	 0.000000 	 0.000000
0.012700 	 -138511.266096 	 -138511.266096 	 0.000000 	 0.000000
0.012800 	 -137638.718033 	 -137638.718033 	 0.000000 	 0.000000
0.012900 	 -134818.406230 	 -134818.406230 	 0.000000 	 0.000000
0.013000 	 -134460.778167 	 -134460.778167 	 0.000000 	 0.000000
0.013100 	 -136312.159535 	 -136312.159535 	 0.000000 	 0.000000
0.013200 	 -136821.735857 	 -136821.735857 	 0.000000 	 0.000000
0.013300 	 -139360.947737 	 -139360.947737 	 0.000000 	 0.000000
0.013400 	 -139724.139005 	 -139724.139005 	 0.000000 	 0.000000
0.013500 	 -139731.650403 	 -139731.650403 	 0.000000 	 0.000000
0.013600 	 -139762.952165 	 -139762.952165 	 0.000000 	 0.000000
0.013700 	 -142335.380692 	 -142335.380692 	 0.000000 	 0.000000
0.013800 	 -142581.317727 	 -142581.317727 	 0.000000 	 0.000000
0.013900 	 -142539.592569 	 -142539.592569 	 0.000000 	 0.000000
0.014000 	 -144338.509579 	 -144338.509579 	 0.000000 	 0.000000
0.014100 	 -145278.944999 	 -145278.944999 	 0.000000 	 0.000000
0.014200 	 -145572.667445 	 -145572.667445 	 0.000000 	 0.000000
0.014300 	 -143248.842228 	 -143248.842228 	 0.000000 	 0.000000
0.014400 	 -140067.297219 	 -140067.297219 	 0.000000 	 0.000000
0.014500 	 -138555.839290 	 -138555.839290 	 0.000000 	 0.000000
0.014600 	 -139951.264965 	 -139951.264965 	 0.000000 	 0.000000
0.014700 	 -138156.214478 	 -138156.214478 	 0.000000 	 0.000000
0.014800 	 -135003.407340 	 -135003.407340 	 0.000000 	 0.000000
0.014900 	 -128588.388607 	 -128588.388607 	 0.000000 	 0.000000
0.015000 	 -128041.091067 	 -128041.091067 	 0.000000 	 0.000000
0.015100 	 -127214.854698 	 -127214.854698 	 0.000000 	 0.000000
0.015200 	 -128825.105704 	 -128825.105704 	 0.000000 	 0.000000
0.015300 	 -131331.455254 	 -131331.455254 	 0.000000 	 0.000000
0.015400 	 -130988.742444 	 -130988.742444 	 0.000000 	 0.000000
0.015500 	 -130718.605791 	 -130718.605791 	 0.000000 	 0.000000
0.015600 	 -126577.407239 	 -126577.407239 	 0.000000 	 0.000000
0.015700 	 -128634.747320 	 -128634.747320 	 0.000000 	 0.000000
0.015800 	 -130312.432325 	 -130312.432325 	 0.000000 	 0.000000
0.015900 	 -133228.437705 	 -133228.437705 	 0.000000 	 0.000000
0.016000 	 -137086.855049 	 -137086.855049 	 0.000000 	 0.000000
0.016100 	 -138839.750795 	 -138839.750795 	 0.000000 	 0.000000
0.016200 	 -142288.989045 	 -142288.989045 	 0.000000 	 0.000000
0.016300 	 -146811.210253 	 -146811.210253 	 0.000000 	 0.000000
0.016400 	 -149851.359623 	 -149851.359623 	 0.000000 	 0.000000
0.016500 	 -151883.353062 	 -151883.353062 	 0.000000 	 0.000000
0.016600 	 -154511.407622 	 -154511.407622 	 0.000000 	 0.000000
0.016700 	 -156477.394051 	 -156477.394051 	 0.000000 	 0.000000
0.016800 	 -158572.477573 	 -158572.477573 	 0.000000 	 0.000000
0.016900 	 -159759.217857 	 -159759.217857 	 0.000000 	 0.000000
0.017000 	 -159950.392798 	 -159950.392798 	 0.000000 	 0.000000
0.017100 	 -157016.567191 	 -157016.567191 	 0.000000 	 0.000000
0.017200 	 -158639.854404 	 -158639.854404 	 0.000000 	 0.000000
0.017300 	 -158952.482152 	 -158952.482152 	 0.000000 	 0.000000
0.017400 	 -158296.566647 	 -158296.566647 	 0.000000 	 0.000000
0.017500 	 -154496.559200 	 -154496.559200 	 0.000000 	 0.000000
0.017600 	 -156017.144040 	 -156017.144040 	 0.000000 	 0.000000
0.017700 	 -157997.942588 	 -157997.942588 	 0.000000 	 0.000000
0.017800 	 -159611.280489 	 -159611.280489 	 0.000000 	 0.000000
0.017900 	 -155957.842428 	 -155957.842428 	 0.000000 	 0.000000
0.018000 	 -158233.863198 	 -158233.863198 	 0.000000 	 0.000000
0.018100 	 -157319.696663 	 -157319.696663 	 0.000000 	 0.000000
0.018200 	 -158580.568010 	 -158580.568010 	 0.000000 	 0.000000
0.018300 	 -157726.743788 	 -157726.743788 	 0.000000 	 0.000000
0.018400 	 -155430.818135 	 -155430.818135 	 0.000000 	 0.000000
0.018500 	 -153783.651269 	 -153783.651269 	 0.000000 	 0.000000
0.018600 	 -153788.070218 	 -153788.070218 	 0.000000 	 0.000000
0.018700 	 -155166.371528 	 -155166.371528 	 0.000000 	 0.000000
0.018800 	 -155611.771907 	 -155611.771907 	 0.000000 	 0.000000
0.018900 	 -156883.836837 	 -156883.836837 	 0.000000 	 0.000000
0.019000 	 -157054.355920 	 -157054.355920 	 0.000000 	 0.000000
0.019100 	 -156365.445038 	 -156365.445038 	 0.000000 	 0.000000
0.019200 	 -157013.673119 	 -157013.673119 	 0.000000 	 0.000000
0.019300 	 -154657.697683 	 -154657.697683 	 0.000000 	 0.000000
0.019400 	 -152299.833515 	 -152299.833515 	 0.000000 	 0.000000
0.019500 	 -153256.364615 	 -153256.364615 	 0.000000 	 0.000000
0.019600 	 -153210.039344 	 -153210.039344 	 0.000000 	 0.000000
0.019700 	 -151869.839735 	 -151869.839735 	 0.000000 	 0.000000
0.019800 	 -153095.535850 	 -153095.535850 	 0.000000 	 0.000000
0.019900 	 -154632.791031 	 -154632.791031 	 0.000000 	 0.000000
0.020000 	 -156343.427110 	 -156343.427110 	 0.000000 	 0.000000
0.020100 	 -157639.993547 	 -157639.993547 	 0.000000 	 0.000000
0.020200 	 -159311.362431 	 -159311.362431 	 0.000000 	 0.000000
0.020300 	 -160805.075227 	 -160805.075227 	 0.000000 	 0.000000
0.020400 	 -164287.842470 	 -164287.842470 	 0.000000 	 0.000000
0.020500 	 -164070.413857 	 -164070.413857 	 0.000000 	 0.000000
0.020600 	 -165143.166571 	 -165143.166571 	 0.000000 	 0.000000
0.020700 	 -167865.905302 	 -167865.905302 	 0.000000 	 0.000000
0.020800 	 -171036.866298 	 -171036.866298 	 0.000000 	 0.000000
0.020900 	 -171952.217445 	 -171952.217445 	 0.000000 	 0.000000
0.021000 	 -173878.311141 	 -173878.311141 	 0.000000 	 0.000000
0.021100 	 -175187.448115 	 -175187.448115 	 0.000000 	 0.000000
0.021200 	 -175738.153201 	 -175738.153201 	 0.000000 	 0.000000
0.021300 	 -176708.418215 	 -176708.418215 	 0.000000 	 0.000000
0.021400 	 -178724.976942 	 -178724.976942 	 0.000000 	 0.000000
0.021500 	 -178512.890736 	 -178512.890736 	 0.000000 	 0.000000
0.021600 	 -178297.640197 	 -178297.640197 	 0.000000 	 0.000000
0.021700 	 -179348.025130 	 -179348.025130 	 0.000000 	 0.000000
0.021800 	 -178714.354498 	 -178714.354498 	 0.000000 	 0.000000
0.021900 	 -180125.128023 	 -180125.128023 	 0.000000 	 0.000000
0.022000 	 -181209.714415 	 -181209.714415 	 0.000000 	 0.000000
0.022100 	 -181790.815659 	 -181790.815659 	 0.000000 	 0.000000
0.022200 	 -182524.143449 	 -182524.143449 	 0.000000 	 0.000000
0.022300 	 -182713.341528 	 -182713.341528 	 0.000000 	 0.000000
0.022400 	 -181869.559308 	 -181869.559308 	 0.000000 	 0.000000
0.022500 	 -179741.089935 	 -179741.089935 	 0.000000 	 0.000000
0.022600 	 -177680.255740 	 -177680.255740 	 0.000000 	 0.000000
0.022700 	 -178325.357328 	 -178325.357328 	 0.000000 	 0.000000
0.022800 	 -177910.049203 	 -177910.049203 	 0.000000 	 0.000000
0.022900 	 -176668.648139 	 -176668.648139 	 0.000000 	 0.000000
0.023000 	 -176389.811333 	 -176389.811333 	 0.000000 	 0.000000
0.023100 	 -176642.755121 	 -176642.755121 	 0.000000 	 0.000000
0.023200 	 -175590.163377 	 -175590.163377 	 0.000000 	 0.000000
0.023300 	 -175786.296591 	 -175786.296591 	 0.000000 	 0.000000
0.023400 	 -175852.912085 	 -175852.912085 	 0.000000 	 0.000000
0.023500 	 -176570.103133 	 -176570.103133 	 0.000000 	 0.000000
0.023600 	 -177012.785896 	 -177012.785896 	 0.000000 	 0.000000
0.023700 	 -175461.169155 	 -175461.169155 	 0.000000 	 0.000000
0.023800 	 -176478.295959 	 -176478.295959 	 0.000000 	 0.000000
0.023900 	 -176614.809583 	 -176614.809583 	 0.000000 	 0.000000
0.024000 	 -176971.279576 	 -176971.279576 	 0.000000 	 0.000000
0.024100 	 -178947.166762 	 -178947.166762 	 0.000000 	 0.000000
0.024200 	 -180865.428784 	 -180865.428784 	 0.000000 	 0.000000
0.024300 	 -182186.336544 	 -182186.336544 	 0.000000 	 0.000000
0.024400 	 -183794.287651 	 -183794.287651 	 0.000000 	 0.000000
0.024500 	 -184752.327763 	 -184752.327763 	 0.000000 	 0.000000
0.024600 	 -187436.696760 	 -187436.696760 	 0.000000 	 0.000000
0.024700 	 -188134.939723 	 -188134.939723 	 0.000000 	 0.000000
0.024800 	 -189625.676581 	 -189625.676581 	 0.000000 	 0.000000
0.024900 	 -192300.344238 	 -192300.344238 	 0.000000 	 0.000000
0.025000 	 -193437.304735 	 -193437.304735 	 0.000000 	 0.000000
0.025100 	 -193979.249726 	 -193979.249726 	 0.000000 	 0.000000
0.025200 	 -191475.200911 	 -191475.200911 	 0.000000 	 0.000000
0.025300 	 -191482.455069 	 -191482.455069 	 0.000000 	 0.000000
0.025400 	 -191893.343285 	 -191893.343285 	 0.000000 	 0.000000
0.025500 	 -192274.523941 	 -192274.523941 	 0.000000 	 0.000000
0.025600 	 -192379.463054 	 -192379.463054 	 0.000000 	 0.000000
0.025700 	 -191201.700781 	 -191201.700781 	 0.000000 	 0.000000
0.025800 	 -192488.856140 	 -192488.856140 	 0.000000 	 0.000000
0.025900 	 -192796.938385 	 -192796.938385 	 0.000000 	 0.000000
0.026000 	 -193142.923448 	 -193142.923448 	 0.000000 	 0.000000
0.026100 	 -192214.490824 	 -192214.490824 	 0.000000 	 0.000000
0.026200 	 -191926.402120 	 -191926.402120 	 0.000000 	 0.000000
0.026300 	 -191664.826163 	 -191664.826163 	 0.000000 	 0.000000
0.026400 	 -191057.762990 	 -191057.762990 	 0.000000 	 0.000000
0.026500 	 -192494.436448 	 -192494.436448 	 0.000000 	 0.000000
0.026600 	 -192173.989503 	 -192173.989503 	 0.000000 	 0.000000
0.026700 	 -192990.044981 	 -192990.044981 	 0.000000 	 0.000000
0.026800 	 -195157.776526 	 -195157.776526 	 0.000000 	 0.000000
0.026900 	 -194342.427985 	 -194342.427985 	 0.000000 	 0.000000
0.027000 	 -194231.128762 	 -194231.128762 	 0.000000 	 0.000000
0.027100 	 -193519.032145 	 -193519.032145 	 0.000000 	 0.000000
0.027200 	 -191791.564223 	 -191791.564223 	 0.000000 	 0.000000
0.027300 	 -189378.625592 	 -189378.625592 	 0.000000 	 0.000000
0.027400 	 -190937.215424 	 -190937.215424 	 0.000000 	 0.000000
0.027500 	 -191655.100685 	 -191655.100685 	 0.000000 	 0.000000
0.027600 	 -190280.507499 	 -190280.507499 	 0.000000 	 0.000000
0.027700 	 -190101.540511 	 -190101.540511 	 0.000000 	 0.000000
0.027800 	 -189372.837587 	 -189372.837587 	 0.000000 	 0.000000
0.027900 	 -187866.734158 	 -187866.734158 	 0.000000 	 0.000000
0.028000 	 -188220.749940 	 -188220.749940 	 0.000000 	 0.000000
0.028100 	 -192193.937730 	 -192193.937730 	 0.000000 	 0.000000
0.028200 	 -194591.405535 	 -194591.405535 	 0.000000 	 0.000000
0.028300 	 -195814.935133 	 -195814.935133 	 0.000000 	 0.000000
0.028400 	 -199065.866991 	 -199065.866991 	 0.000000 	 0.000000
0.028500 	 -200025.185123 	 -200025.185123 	 0.000000 	 0.000000
0.028600 	 -201429.846354 	 -201429.846354 	 0.000000 	 0.000000
0.028700 	 -202171.872239 	 -202171.872239 	 0.000000 	 0.000000
0.028800 	 -205061.944621 	 -205061.944621 	 0.000000 	 0.000000
0.028900 	 -206439.727516 	 -206439.727516 	 0.000000 	 0.000000
0.029000 	 -207711.282490 	 -207711.282490 	 0.000000 	 0.000000
0.029100 	 -208889.346426 	 -208889.346426 	 0.000000 	 0.000000
0.029200 	 -209166.678338 	 -209166.678338 	 0.000000 	 0.000000
0.029300 	 -207006.626877 	 -207006.626877 	 0.000000 	 0.000000
0.029400 	 -205689.741067 	 -205689.741067 	 0.000000 	 0.000000
0.029500 	 -205932.300189 	 -205932.300189 	 0.000000 	 0.000000
0.029600 	 -205097.619893 	 -205097.619893 	 0.000000 	 0.000000
0.029700 	 -203241.951133 	 -203241.951133 	 0.000000 	 0.000000
0.029800 	 -203589.897154 	 -203589.897154 	 0.000000 	 0.000000
0.029900 	 -204438.934109 	 -204438.934109 	 0.000000 	 0.000000
0.030000 	 153036.979376 	 153036.979376 	 0.000000 	 0.000000
0.030100 	 258408.700469 	 258408.700469 	 0.000000 	 0.000000
0.030200 	 260203.994565 	 260203.994565 	 0.000000 	 0.000000
0.030300 	 306585.064461 	 306585.064461 	 0.000000 	 0.000000
0.030400 	 180984.492353 	 180984.492353 	 0.000000 	 0.000000
0.030500 	 113413.319312 	 113413.319312 	 0.000000 	 0.000000
0.030600 	 108446.873202 	 108446.873202 	 0.000000 	 0.000000
0.030700 	 82388.106510 	 82388.106510 	 0.000000 	 0.000000
0.030800 	 61289.799494 	 61289.799494 	 0.000000 	 0.000000
0.030900 	 17333.448430 	 17333.448430 	 0.000000 	 0.000000
0.031000 	 -23662.800783 	 -23662.800783 	 0.000000 	 0.000000
0.031100 	 10256.785556 	 10256.785556 	 0.000000 	 0.000000
0.031200 	 -639.312824 	 -639.312824 	 0.000000 	 0.000000
0.031300 	 -46901.185939 	 -46901.185939 	 0.000000 	 0.000000
0.031400 	 -60297.150513 	 -60297.150513 	 0.000000 	 0.000000
0.031500 	 -62655.706146 	 -62655.706146 	 0.000000 	 0.000000
0.031600 	 -85861.370915 	 -85861.370915 	 0.000000 	 0.000000
0.031700 	 -104648.832657 	 -104648.832657 	 0.000000 	 0.000000
0.031800 	 -124635.943057 	 -124635.943057 	 0.000000 	 0.000000
0.031900 	 -140167.114509 	 -140167.114509 	 0.000000 	 0.000000
0.032000 	 -157208.581433 	 -157208.581433 	 0.000000 	 0.000000
0.032100 	 -180725.530232 	 -180725.530232 	 0.000000 	 0.000000
0.032200 	 -201209.533862 	 -201209.533862 	 0.000000 	 0.000000
0.032300 	 -201036.927563 	 -201036.927563 	 0.000000 	 0.000000
0.032400 	 -217461.334784 	 -217461.334784 	 0.000000 	 0.000000
0.032500 	 -237270.412088 	 -237270.412088 	 0.000000 	 0.000000
0.032600 	 -264801.538431 	 -264801.538431 	 0.000000 	 0.000000
0.032700 	 -286578.070163 	 -286578.070163 	 0.000000 	 0.000000
0.032800 	 -296019.038784 	 -296019.038784 	 0.000000 	 0.000000
0.032900 	 -307136.936692 	 -307136.936692 	 0.000000 	 0.000000
0.033000 	 -324027.750909 	 -324027.750909 	 0.000000 	 0.000000
0.033100 	 -330216.128975 	 -330216.128975 	 0.000000 	 0.000000
0.033200 	 -337066.193406 	 -337066.193406 	 0.000000 	 0.000000
0.033300 	 -359966.348222 	 -359966.348222 	 0.000000 	 0.000000
0.033400 	 -360702.618043 	 -360702.618043 	 0.000000 	 0.000000
0.033500 	 -358871.208668 	 -358871.208668 	 0.000000 	 0.000000
0.033600 	 -363227.140230 	 -363227.140230 	 0.000000 	 0.000000
0.033700 	 -366806.309878 	 -366806.309878 	 0.000000 	 0.000000
0.033800 	 -367591.586733 	 -367591.586733 	 0.000000 	 0.000000
0.033900 	 -364307.567325 	 -364307.567325 	 0.000000 	 0.000000
0.034000 	 -380415.815281 	 -380415.815281 	 0.000000 	 0.000000
0.034100 	 -382534.120393 	 -382534.120393 	 0.000000 	 0.000000
0.034200 	 -383894.757680 	 -383894.757680 	 0.000000 	 0.000000
0.034300 	 -393267.544401 	 -393267.544401 	 0.000000 	 0.000000
0.034400 	 -381793.702921 	 -381793.702921 	 0.000000 	 0.000000
0.034500 	 -368083.429420 	 -368083.429420 	 0.000000 	 0.000000
0.034600 	 -359969.500910 	 -359969.500910 	 0.000000 	 0.000000
0.034700 	 -351445.638861 	 -351445.638861 	 0.000000 	 0.000000
0.034800 	 -341977.628327 	 -341977.628327 	 0.000000 	 0.000000
0.034900 	 -340091.741061 	 -340091.741061 	 0.000000 	 0.000000
0.035000 	 -339291.684801 	 -339291.684801 	 0.000000 	 0.000000
0.035100 	 -342601.784152 	 -342601.784152 	 0.000000 	 0.000000
0.035200 	 -341341.224153 	 -341341.224153 	 0.000000 	 0.000000
0.035300 	 -335086.537788 	 -335086.537788 	 0.000000 	 0.000000
0.035400 	 -340010.973610 	 -340010.973610 	 0.000000 	 0.000000
0.035500 	 -346748.537204 	 -346748.537204 	 0.000000 	 0.000000
0.035600 	 -351785.959270 	 -351785.959270 	 0.000000 	 0.000000
0.035700 	 -346998.421380 	 -346998.421380 	 0.000000 	 0.000000
0.035800 	 -350354.451486 	 -350354.451486 	 0.000000 	 0.000000
0.035900 	 -350674.411942 	 -350674.411942 	 0.000000 	 0.000000
0.036000 	 -347567.856765 	 -347567.856765 	 0.000000 	 0.000000
0.036100 	 -344382.007019 	 -344382.007019 	 0.000000 	 0.000000
0.036200 	 -332981.779237 	 -332981.779237 	 0.000000 	 0.000000
0.036300 	 -327611.529303 	 -327611.529303 	 0.000000 	 0.000000
0.036400 	 -325854.648804 	 -325854.648804 	 0.000000 	 0.000000
0.036500 	 -324925.093759 	 -324925.093759 	 0.000000 	 0.000000
0.036600 	 -324683.186350 	 -324683.186350 	 0.000000 	 0.000000
0.036700 	 -336441.783999 	 -336441.783999 	 0.000000 	 0.000000
0.036800 	 -346874.698900 	 -346874.698900 	 0.000000 	 0.000000
0.036900 	 -351395.607545 	 -351395.607545 	 0.000000 	 0.000000
0.037000 	 -360599.022784 	 -360599.022784 	 0.000000 	 0.000000
0.037100 	 -365837.755217 	 -365837.755217 	 0.000000 	 0.000000
0.037200 	 -367955.779285 	 -367955.779285 	 0.000000 	 0.000000
0.037300 	 -372920.473866 	 -372920.473866 	 0.000000 	 0.000000
0.037400 	 -376343.976289 	 -376343.976289 	 0.000000 	 0.000000
0.037500 	 -379521.211229 	 -379521.211229 	 0.000000 	 0.000000
0.037600 	 -381277.146363 	 -381277.146363 	 0.000000 	 0.000000
0.037700 	 -388682.458105 	 -388682.458105 	 0.000000 	 0.000000
0.037800 	 -389112.741489 	 -389112.741489 	 0.000000 	 0.000000
0.037900 	 -388657.555586 	 -388657.555586 	 0.000000 	 0.000000
0.038000 	 -396881.554999 	 -396881.554999 	 0.000000 	 0.000000
0.038100 	 -401343.396470 	 -401343.396470 	 0.000000 	 0.000000
0.038200 	 -408107.697014 	 -408107.697014 	 0.000000 	 0.000000
0.038300 	 -409746.741919 	 -409746.741919 	 0.000000 	 0.000000
0.038400 	 -405769.634309 	 -405769.634309 	 0.000000 	 0.000000
0.038500 	 -405513.014682 	 -405513.014682 	 0.000000 	 0.000000
0.038600 	 -410608.327510 	 -410608.327510 	 0.000000 	 0.000000
0.038700 	 -415099.385540 	 -415099.385540 	 0.000000 	 0.000000
0.038800 	 -417858.820550 	 -417858.820550 	 0.000000 	 0.000000
0.038900 	 -411546.348892 	 -411546.348892 	 0.000000 	 0.000000
0.039000 	 -408315.666610 	 -408315.666610 	 0.000000 	 0.000000
0.039100 	 -406202.756853 	 -406202.756853 	 0.000000 	 0.000000
0.039200 	 -407635.814752 	 -407635.814752 	 0.000000 	 0.000000
0.039300 	 -411814.773967 	 -411814.773967 	 0.000000 	 0.000000
0.039400 	 -408778.048182 	 -408778.048182 	 0.000000 	 0.000000
0.039500 	 -406931.470226 	 -406931.470226 	 0.000000 	 0.000000
0.039600 	 -400663.124925 	 -400663.124925 	 0.000000 	 0.000000
0.039700 	 -393611.989183 	 -393611.989183 	 0.000000 	 0.000000
0.039800 	 -394345.591300 	 -394345.591300 	 0.000000 	 0.000000
0.039900 	 -390763.937590 	 -390763.937590 	 0.000000 	 0.000000
0.040000 	 -381824.677955 	 -381824.677955 	 0.000000 	 0.000000
0.040100 	 -368536.396019 	 -368536.396019 	 0.000000 	 0.000000
0.040200 	 -366977.473682 	 -366977.473682 	 0.000000 	 0.000000
0.040300 	 -369078.387763 	 -369078.387763 	 0.000000 	 0.000000
0.040400 	 -371245.413215 	 -371245.413215 	 0.000000 	 0.000000
0.040500 	 -372787.292390 	 -372787.292390 	 0.000000 	 0.000000
0.040600 	 -370393.177185 	 -370393.177185 	 0.000000 	 0.000000
0.040700 	 -371984.571611 	 -371984.571611 	 0.000000 	 0.000000
0.040800 	 -372774.888969 	 -372774.888969 	 0.000000 	 0.000000
0.040900 	 -376401.672977 	 -376401.672977 	 0.000000 	 0.000000
0.041000 	 -377477.047671 	 -377477.047671 	 0.000000 	 0.000000
0.041100 	 -373543.602760 	 -373543.602760 	 0.000000 	 0.000000
0.041200 	 -368041.975407 	 -368041.975407 	 0.000000 	 0.000000
0.041300 	 -371120.258178 	 -371120.258178 	 0.000000 	 0.000000
0.041400 	 -375157.615801 	 -375157.615801 	 0.000000 	 0.000000
0.041500 	 -374817.814617 	 -374817.814617 	 0.000000 	 0.000000
0.041600 	 -373829.269850 	 -373829.269850 	 0.000000 	 0.000000
0.041700 	 -370545.240189 	 -370545.240189 	 0.000000 	 0.000000
0.041800 	 -373519.946511 	 -373519.946511 	 0.000000 	 0.000000
0.041900 	 -375808.542706 	 -375808.542706 	 0.000000 	 0.000000
0.042000 	 -377674.327827 	 -377674.327827 	 0.000000 	 0.000000
0.042100 	 -379229.475218 	 -379229.475218 	 0.000000 	 0.000000
0.042200 	 -380064.408755 	 -380064.408755 	 0.000000 	 0.000000
0.042300 	 -376056.786174 	 -376056.786174 	 0.000000 	 0.000000
0.042400 	 -373754.244355 	 -373754.244355 	 0.000000 	 0.000000
0.042500 	 -377199.994915 	 -377199.994915 	 0.000000 	 0.000000
0.042600 	 -384903.597214 	 -384903.597214 	 0.000000 	 0.000000
0.042700 	 -384121.008432 	 -384121.008432 	 0.000000 	 0.000000
0.042800 	 -384467.766496 	 -384467.766496 	 0.000000 	 0.000000
0.042900 	 -383058.377459 	 -383058.377459 	 0.000000 	 0.000000
0.043000 	 -380922.404528 	 -380922.404528 	 0.000000 	 0.000000
0.043100 	 -379158.588469 	 -379158.588469 	 0.000000 	 0.000000
0.043200 	 -377128.573010 	 -377128.573010 	 0.000000 	 0.000000
0.043300 	 -374416.529543 	 -374416.529543 	 0.000000 	 0.000000
0.043400 	 -371687.890631 	 -371687.890631 	 0.000000 	 0.000000
0.043500 	 -371704.625315 	 -371704.625315 	 0.000000 	 0.000000
0.043600 	 -370509.734058 	 -370509.734058 	 0.000000 	 0.000000
0.043700 	 -373176.753832 	 -373176.753832 	 0.000000 	 0.000000
0.043800 	 -374970.866699 	 -374970.866699 	 0.000000 	 0.000000
0.043900 	 -373932.196284 	 -373932.196284 	 0.000000 	 0.000000
0.044000 	 -371810.318673 	 -371810.318673 	 0.000000 	 0.000000
0.044100 	 -373811.077746 	 -373811.077746 	 0.000000 	 0.000000
0.044200 	 -373628.985431 	 -373628.985431 	 0.000000 	 0.000000
0.044300 	 -372588.019026 	 -372588.019026 	 0.000000 	 0.000000
0.044400 	 -371995.596988 	 -371995.596988 	 0.000000 	 0.000000
0.044500 	 -372855.035603 	 -372855.035603 	 0.000000 	 0.000000
0.044600 	 -373723.217043 	 -373723.217043 	 0.000000 	 0.000000
0.044700 	 -374734.122302 	 -374734.122302 	 0.000000 	 0.000000
0.044800 	 -375969.790450 	 -375969.790450 	 0.000000 	 0.000000
0.044900 	 -377439.566526 	 -377439.566526 	 0.000000 	 0.000000
0.045000 	 -377268.627703 	 -377268.627703 	 0.000000 	 0.000000
0.045100 	 -379830.855567 	 -379830.855567 	 0.000000 	 0.000000
0.045200 	 -377482.966305 	 -377482.966305 	 0.000000 	 0.000000
0.045300 	 -378322.463652 	 -378322.463652 	 0.000000 	 0.000000
0.045400 	 -380531.581410 	 -380531.581410 	 0.000000 	 0.000000
0.045500 	 -383074.159775 	 -383074.159775 	 0.000000 	 0.000000
0.045600 	 -383697.731936 	 -383697.731936 	 0.000000 	 0.000000
0.045700 	 -384143.703588 	 -384143.703588 	 0.000000 	 0.000000
0.045800 	 -387094.606033 	 -387094.606033 	 0.000000 	 0.000000
0.045900 	 -389002.403162 	 -389002.403162 	 0.000000 	 0.000000
0.046000 	 -389395.690229 	 -389395.690229 	 0.000000 	 0.000000
0.046100 	 -392388.620627 	 -392388.620627 	 0.000000 	 0.000000
0.046200 	 -399249.853251 	 -399249.853251 	 0.000000 	 0.000000
0.046300 	 -402365.702992 	 -402365.702992 	 0.000000 	 0.000000
0.046400 	 -404081.371564 	 -404081.371564 	 0.000000 	 0.000000
0.046500 	 -403946.969165 	 -403946.969165 	 0.000000 	 0.000000
0.046600 	 -402746.719584 	 -402746.719584 	 0.000000 	 0.000000
0.046700 	 -403148.487405 	 -403148.487405 	 0.000000 	 0.000000
0.046800 	 -404070.493640 	 -404070.493640 	 0.000000 	 0.000000
0.046900 	 -400351.848930 	 -400351.848930 	 0.000000 	 0.000000
0.047000 	 -395901.292318 	 -395901.292318 	 0.000000 	 0.000000
0.047100 	 -394426.150921 	 -394426.150921 	 0.000000 	 0.000000
0.047200 	 -389179.091802 	 -389179.091802 	 0.000000 	 0.000000
0.047300 	 -387711.053915 	 -387711.053915 	 0.000000 	 0.000000
0.047400 	 -385015.260099 	 -385015.260099 	 0.000000 	 0.000000
0.047500 	 -382277.938036 	 -382277.938036 	 0.000000 	 0.000000
0.047600 	 -382372.571412 	 -382372.571412 	 0.000000 	 0.000000
0.047700 	 -383063.919743 	 -383063.919743 	 0.000000 	 0.000000
0.047800 	 -385098.806458 	 -385098.806458 	 0.000000 	 0.000000
0.047900 	 -387035.960936 	 -387035.960936 	 0.000000 	 0.000000
0.048000 	 -390430.521283 	 -390430.521283 	 0.000000 	 0.000000
0.048100 	 -389270.517310 	 -389270.517310 	 0.000000 	 0.000000
0.048200 	 -387009.963305 	 -387009.963305 	 0.000000 	 0.000000
0.048300 	 -387024.531504 	 -387024.531504 	 0.000000 	 0.000000
0.048400 	 -389746.481908 	 -389746.481908 	 0.000000 	 0.000000
0.048500 	 -388843.848507 	 -388843.848507 	 0.000000 	 0.000000
0.048600 	 -389732.341858 	 -389732.341858 	 0.000000 	 0.000000
0.048700 	 -387940.148361 	 -387940.148361 	 0.000000 	 0.000000
0.048800 	 -385713.182593 	 -385713.182593 	 0.000000 	 0.000000
0.048900 	 -387542.848324 	 -387542.848324 	 0.000000 	 0.000000
0.049000 	 -390363.185998 	 -390363.185998 	 0.000000 	 0.000000
0.049100 	 -392118.211991 	 -392118.211991 	 0.000000 	 0.000000
0.049200 	 -393316.813233 	 -393316.813233 	 0.000000 	 0.000000
0.049300 	 -392999.543119 	 -392999.543119 	 0.000000 	 0.000000
0.049400 	 -393631.264095 	 -393631.264095 	 0.000000 	 0.000000
0.049500 	 -395510.237257 	 -395510.237257 	 0.000000 	 0.000000
0.049600 	 -396752.260204 	 -396752.260204 	 0.000000 	 0.000000
0.049700 	 -396301.274815 	 -396301.274815 	 0.000000 	 0.000000
0.049800 	 -398470.062200 	 -398470.062200 	 0.000000 	 0.000000
0.049900 	 -401325.122565 	 -401325.122565 	 0.000000 	 0.000000
0.050000 	 -403352.116985 	 -403352.116985 	 0.000000 	 0.000000
0.050100 	 -401174.368126 	 -401174.368126 	 0.000000 	 0.000000
0.050200 	 -399798.636976 	 -399798.636976 	 0.000000 	 0.000000
0.050300 	 -398441.442301 	 -398441.442301 	 0.000000 	 0.000000
0.050400 	 -398612.588668 	 -398612.588668 	 0.000000 	 0.000000
0.050500 	 -396935.678419 	 -396935.678419 	 0.000000 	 0.000000
0.050600 	 -397368.519997 	 -397368.519997 	 0.000000 	 0.000000
0.050700 	 -397731.797222 	 -397731.797222 	 0.000000 	 0.000000
0.050800 	 -397719.340178 	 -397719.340178 	 0.000000 	 0.000000
0.050900 	 -394271.863768 	 -394271.863768 	 0.000000 	 0.000000
0.051000 	 -395754.964840 	 -395754.964840 	 0.000000 	 0.000000
0.051100 	 -394157.261823 	 -394157.261823 	 0.000000 	 0.000000
0.051200 	 -391868.389238 	 -391868.389238 	 0.000000 	 0.000000
0.051300 	 -392299.438321 	 -392299.438321 	 0.000000 	 0.000000
0.051400 	 -390414.684082 	 -390414.684082 	 0.000000 	 0.000000
0.051500 	 -387323.624867 	 -387323.624867 	 0.000000 	 0.000000
0.051600 	 -387117.573229 	 -387117.573229 	 0.000000 	 0.000000
0.051700 	 -385292.827719 	 -385292.827719 	 0.000000 	 0.000000
0.051800 	 -384368.137515 	 -384368.137515 	 0.000000 	 0.000000
0.051900 	 -382555.683919 	 -382555.683919 	 0.000000 	 0.000000
0.052000 	 -382521.566346 	 -382521.566346 	 0.000000 	 0.000000
0.052100 	 -383331.674922 	 -383331.674922 	 0.000000 	 0.000000
0.052200 	 -383119.148640 	 -383119.148640 	 0.000000 	 0.000000
0.052300 	 -383502.903400 	 -383502.903400 	 0.000000 	 0.000000
0.052400 	 -383419.413054 	 -383419.413054 	 0.000000 	 0.000000
0.052500 	 -384669.117819 	 -384669.117819 	 0.000000 	 0.000000
0.052600 	 -385287.086222 	 -385287.086222 	 0.000000 	 0.000000
0.052700 	 -387027.141397 	 -387027.141397 	 0.000000 	 0.000000
0.052800 	 -388507.987511 	 -388507.987511 	 0.000000 	 0.000000
0.052900 	 -390010.832478 	 -390010.832478 	 0.000000 	 0.000000
0.053000 	 -391265.050591 	 -391265.050591 	 0.000000 	 0.000000
0.053100 	 -390347.115027 	 -390347.115027 	 0.000000 	 0.000000
0.053200 	 -390200.870677 	 -390200.870677 	 0.000000 	 0.000000
0.053300 	 -389330.929642 	 -389330.929642 	 0.000000 	 0.000000
0.053400 	 -389544.921068 	 -389544.921068 	 0.000000 	 0.000000
0.053500 	 -390203.228572 	 -390203.228572 	 0.000000 	 0.000000
0.053600 	 -390341.823051 	 -390341.823051 	 0.000000 	 0.000000
0.053700 	 -390402.714611 	 -390402.714611 	 0.000000 	 0.000000
0.053800 	 -391639.969851 	 -391639.969851 	 0.000000 	 0.000000
0.053900 	 -391543.628424 	 -391543.628424 	 0.000000 	 0.000000
0.054000 	 -392147.665087 	 -392147.665087 	 0.000000 	 0.000000
0.054100 	 -392796.562841 	 -392796.562841 	 0.000000 	 0.000000
0.054200 	 -392150.026017 	 -392150.026017 	 0.000000 	 0.000000
0.054300 	 -390404.848873 	 -390404.848873 	 0.000000 	 0.000000
0.054400 	 -388637.807054 	 -388637.807054 	 0.000000 	 0.000000
0.054500 	 -389726.733264 	 -389726.733264 	 0.000000 	 0.000000
0.054600 	 -389310.984021 	 -389310.984021 	 0.000000 	 0.000000
0.054700 	 -388155.624215 	 -388155.624215 	 0.000000 	 0.000000
0.054800 	 -387698.801379 	 -387698.801379 	 0.000000 	 0.000000
0.054900 	 -387289.356441 	 -387289.356441 	 0.000000 	 0.000000
0.055000 	 -388231.645134 	 -388231.645134 	 0.000000 	 0.000000
0.055100 	 -388221.231770 	 -388221.231770 	 0.000000 	 0.000000
0.055200 	 -389301.171788 	 -389301.171788 	 0.000000 	 0.000000
0.055300 	 -389690.425991 	 -389690.425991 	 0.000000 	 0.000000
0.055400 	 -388954.568235 	 -388954.568235 	 0.000000 	 0.000000
0.055500 	 -390844.689771 	 -390844.689771 	 0.000000 	 0.000000
0.055600 	 -390956.868149 	 -390956.868149 	 0.000000 	 0.000000
0.055700 	 -392900.605628 	 -392900.605628 	 0.000000 	 0.000000
0.055800 	 -393165.377705 	 -393165.377705 	 0.000000 	 0.000000
0.055900 	 -392614.339582 	 -392614.339582 	 0.000000 	 0.000000
0.056000 	 -393522.003548 	 -393522.003548 	 0.000000 	 0.000000
0.056100 	 -392458.021799 	 -392458.021799 	 0.000000 	 0.000000
0.056200 	 -390347.357680 	 -390347.357680 	 0.000000 	 0.000000
0.056300 	 -389507.866084 	 -389507.866084 	 0.000000 	 0.000000
0.056400 	 -388222.480630 	 -388222.480630 	 0.000000 	 0.000000
0.056500 	 -387965.007847 	 -387965.007847 	 0.000000 	 0.000000
0.056600 	 -385495.199074 	 -385495.199074 	 0.000000 	 0.000000
0.056700 	 -384133.446707 	 -384133.446707 	 0.000000 	 0.000000
0.056800 	 -382990.185970 	 -382990.185970 	 0.000000 	 0.000000
0.056900 	 -382733.511097 	 -382733.511097 	 0.000000 	 0.000000
0.057000 	 -381307.067090 	 -381307.067090 	 0.000000 	 0.000000
0.057100 	 -382136.744074 	 -382136.744074 	 0.000000 	 0.000000
0.057200 	 -381846.809933 	 -381846.809933 	 0.000000 	 0.000000
0.057300 	 -379707.998237 	 -379707.998237 	 0.000000 	 0.000000
0.057400 	 -379473.787225 	 -379473.787225 	 0.000000 	 0.000000
0.057500 	 -380065.114202 	 -380065.114202 	 0.000000 	 0.000000
0.057600 	 -379572.775659 	 -379572.775659 	 0.000000 	 0.000000
0.057700 	 -378597.982726 	 -378597.982726 	 0.000000 	 0.000000
0.057800 	 -378244.824449 	 -378244.824449 	 0.000000 	 0.000000
0.057900 	 -378917.062660 	 -378917.062660 	 0.000000 	 0.000000
0.058000 	 -377022.250320 	 -377022.250320 	 0.000000 	 0.000000
0.058100 	 -375560.726478 	 -375560.726478 	 0.000000 	 0.000000
0.058200 	 -375185.569369 	 -375185.569369 	 0.000000 	 0.000000
0.058300 	 -374615.557532 	 -374615.557532 	 0.000000 	 0.000000
0.058400 	 -373731.127241 	 -373731.127241 	 0.000000 	 0.000000
0.058500 	 -374359.211734 	 -374359.211734 	 0.000000 	 0.000000
0.058600 	 -374225.032230 	 -374225.032230 	 0.000000 	 0.000000
0.058700 	 -374761.794210 	 -374761.794210 	 0.000000 	 0.000000
0.058800 	 -377077.325110 	 -377077.325110 	 0.000000 	 0.000000
0.058900 	 -377626.844631 	 -377626.844631 	 0.000000 	 0.000000
0.059000 	 -377738.939984 	 -377738.939984 	 0.000000 	 0.000000
0.059100 	 -378107.759654 	 -378107.759654 	 0.000000 	 0.000000
0.059200 	 -378186.551641 	 -378186.551641 	 0.000000 	 0.000000
0.059300 	 -379182.337940 	 -379182.337940 	 0.000000 	 0.000000
0.059400 	 -377007.084668 	 -377007.084668 	 0.000000 	 0.000000
0.059500 	 -375984.807284 	 -375984.807284 	 0.000000 	 0.000000
0.059600 	 -376055.388249 	 -376055.388249 	 0.000000 	 0.000000
0.059700 	 -376426.705865 	 -376426.705865 	 0.000000 	 0.000000
0.059800 	 -375712.032174 	 -375712.032174 	 0.000000 	 0.000000
0.059900 	 -374772.558844 	 -374772.558844 	 0.000000 	 0.000000
0.060000 	 -374188.196265 	 -374188.196265 	 0.000000 	 0.000000
0.060100 	 -373560.810021 	 -373560.810021 	 0.000000 	 0.000000
0.060200 	 -371597.392892 	 -371597.392892 	 0.000000 	 0.000000
0.060300 	 -371240.967895 	 -371240.967895 	 0.000000 	 0.000000
0.060400 	 -372163.263036 	 -372163.263036 	 0.000000 	 0.000000
0.060500 	 -370653.506773 	 -370653.506773 	 0.000000 	 0.000000
0.060600 	 -369239.421943 	 -369239.421943 	 0.000000 	 0.000000
0.060700 	 -368519.466017 	 -368519.466017 	 0.000000 	 0.000000
0.060800 	 -366757.414931 	 -366757.414931 	 0.000000 	 0.000000
0.060900 	 -366821.451053 	 -366821.451053 	 0.000000 	 0.000000
0.061000 	 -365926.502190 	 -365926.502190 	 0.000000 	 0.000000
0.061100 	 -366244.231299 	 -366244.231299 	 0.000000 	 0.000000
0.061200 	 -365233.640889 	 -365233.640889 	 0.000000 	 0.000000
0.061300 	 -365122.575065 	 -365122.575065 	 0.000000 	 0.000000
0.061400 	 -365313.125391 	 -365313.125391 	 0.000000 	 0.000000
0.061500 	 -364719.802189 	 -364719.802189 	 0.000000 	 0.000000
0.061600 	 -364905.698876 	 -364905.698876 	 0.000000 	 0.000000
0.061700 	 -365800.200416 	 -365800.200416 	 0.000000 	 0.000000
0.061800 	 -365673.105155 	 -365673.105155 	 0.000000 	 0.000000
0.061900 	 -364632.725934 	 -364632.725934 	 0.000000 	 0.000000
0.062000 	 -364794.681502 	 -364794.681502 	 0.000000 	 0.000000
0.062100 	 -365251.968480 	 -365251.968480 	 0.000000 	 0.000000
0.062200 	 -364516.178852 	 -364516.178852 	 0.000000 	 0.000000
0.062300 	 -364309.816407 	 -364309.816407 	 0.000000 	 0.000000
0.062400 	 -365536.630679 	 -365536.630679 	 0.000000 	 0.000000
0.062500 	 -365979.812357 	 -365979.812357 	 0.000000 	 0.000000
0.062600 	 -366008.181492 	 -366008.181492 	 0.000000 	 0.000000
0.062700 	 -366513.449221 	 -366513.449221 	 0.000000 	 0.000000
0.062800 	 -367320.105186 	 -367320.105186 	 0.000000 	 0.000000
0.062900 	 -368709.302665 	 -368709.302665 	 0.000000 	 0.000000
0.063000 	 -368857.290043 	 -368857.290043 	 0.000000 	 0.000000
0.063100 	 -368057.681414 	 -368057.681414 	 0.000000 	 0.000000
0.063200 	 -367560.848753 	 -367560.848753 	 0.000000 	 0.000000
0.063300 	 -366235.416510 	 -366235.416510 	 0.000000 	 0.000000
0.063400 	 -365702.680327 	 -365702.680327 	 0.000000 	 0.000000
0.063500 	 -364878.104596 	 -364878.104596 	 0.000000 	 0.000000
0.063600 	 -364158.316936 	 -364158.316936 	 0.000000 	 0.000000
0.063700 	 -364387.098190 	 -364387.098190 	 0.000000 	 0.000000
0.063800 	 -364639.081575 	 -364639.081575 	 0.000000 	 0.000000
0.063900 	 -364472.183854 	 -364472.183854 	 0.000000 	 0.000000
0.064000 	 -363466.485286 	 -363466.485286 	 0.000000 	 0.000000
0.064100 	 -361987.506863 	 -361987.506863 	 0.000000 	 0.000000
0.064200 	 -361465.664255 	 -361465.664255 	 0.000000 	 0.000000
0.064300 	 -361188.793386 	 -361188.793386 	 0.000000 	 0.000000
0.064400 	 -359924.702024 	 -359924.702024 	 0.000000 	 0.000000
0.064500 	 -359567.013613 	 -359567.013613 	 0.000000 	 0.000000
0.064600 	 -358933.492394 	 -358933.492394 	 0.000000 	 0.000000
0.064700 	 -357533.362424 	 -357533.362424 	 0.000000 	 0.000000
0.064800 	 -356860.118624 	 -356860.118624 	 0.000000 	 0.000000
0.064900 	 -354735.983802 	 -354735.983802 	 0.000000 	 0.000000
0.065000 	 -354048.000909 	 -354048.000909 	 0.000000 	 0.000000
0.065100 	 -355226.259485 	 -355226.259485 	 0.000000 	 0.000000
0.065200 	 -354571.037998 	 -354571.037998 	 0.000000 	 0.000000
0.065300 	 -354641.098136 	 -354641.098136 	 0.000000 	 0.000000
0.065400 	 -355146.947378 	 -355146.947378 	 0.000000 	 0.000000
0.065500 	 -354634.024664 	 -354634.024664 	 0.000000 	 0.000000
0.065600 	 -354824.095355 	 -354824.095355 	 0.000000 	 0.000000
0.065700 	 -355504.720132 	 -355504.720132 	 0.000000 	 0.000000
0.065800 	 -356169.019999 	 -356169.019999 	 0.000000 	 0.000000
0.065900 	 -356304.940159 	 -356304.940159 	 0.000000 	 0.000000
0.066000 	 -355966.562625 	 -355966.562625 	 0.000000 	 0.000000
0.066100 	 -357064.195894 	 -357064.195894 	 0.000000 	 0.000000
0.066200 	 -357843.448463 	 -357843.448463 	 0.000000 	 0.000000
0.066300 	 -358097.758264 	 -358097.758264 	 0.000000 	 0.000000
0.066400 	 -358007.595026 	 -358007.595026 	 0.000000 	 0.000000
0.066500 	 -358968.442018 	 -358968.442018 	 0.000000 	 0.000000
0.066600 	 -360101.923387 	 -360101.923387 	 0.000000 	 0.000000
0.066700 	 -360814.946455 	 -360814.946455 	 0.000000 	 0.000000
0.066800 	 -360681.479690 	 -360681.479690 	 0.000000 	 0.000000
0.066900 	 -360604.209773 	 -360604.209773 	 0.000000 	 0.000000
0.067000 	 -361037.961635 	 -361037.961635 	 0.000000 	 0.000000
0.067100 	 -360649.343197 	 -360649.343197 	 0.000000 	 0.000000
0.067200 	 -361588.532086 	 -361588.532086 	 0.000000 	 0.000000
0.067300 	 -360785.168698 	 -360785.168698 	 0.000000 	 0.000000
0.067400 	 -360299.826584 	 -360299.826584 	 0.000000 	 0.000000
0.067500 	 -358697.176060 	 -358697.176060 	 0.000000 	 0.000000
0.067600 	 -357457.731231 	 -357457.731231 	 0.000000 	 0.000000
0.067700 	 -357597.148021 	 -357597.148021 	 0.000000 	 0.000000
0.067800 	 -358522.315633 	 -358522.315633 	 0.000000 	 0.000000
0.067900 	 -358833.519987 	 -358833.519987 	 0.000000 	 0.000000
0.068000 	 -358545.764498 	 -358545.764498 	 0.000000 	 0.000000
0.068100 	 -358351.299310 	 -358351.299310 	 0.000000 	 0.000000
0.068200 	 -357565.149479 	 -357565.149479 	 0.000000 	 0.000000
0.068300 	 -355533.041841 	 -355533.041841 	 0.000000 	 0.000000
0.068400 	 -354566.934988 	 -354566.934988 	 0.000000 	 0.000000
0.068500 	 -353504.866313 	 -353504.866313 	 0.000000 	 0.000000
0.068600 	 -353157.258287 	 -353157.258287 	 0.000000 	 0.000000
0.068700 	 -349573.403938 	 -349573.403938 	 0.000000 	 0.000000
0.068800 	 -346619.184002 	 -346619.184002 	 0.000000 	 0.000000
0.068900 	 -345821.202028 	 -345821.202028 	 0.000000 	 0.000000
0.069000 	 -345894.959492 	 -345894.959492 	 0.000000 	 0.000000
0.069100 	 -344882.634186 	 -344882.634186 	 0.000000 	 0.000000
0.069200 	 -344555.381030 	 -344555.381030 	 0.000000 	 0.000000
0.069300 	 -345601.549712 	 -345601.549712 	 0.000000 	 0.000000
0.069400 	 -346730.528863 	 -346730.528863 	 0.000000 	 0.000000
0.069500 	 -348058.874182 	 -348058.874182 	 0.000000 	 0.000000
0.069600 	 -348163.730683 	 -348163.730683 	 0.000000 	 0.000000
0.069700 	 -348728.985327 	 -348728.985327 	 0.000000 	 0.000000
0.069800 	 -350501.510570 	 -350501.510570 	 0.000000 	 0.000000
0.069900 	 -352648.900729 	 -352648.900729 	 0.000000 	 0.000000
0.070000 	 -353661.363031 	 -353661.363031 	 0.000000 	 0.000000
0.070100 	 -355381.462070 	 -355381.462070 	 0.000000 	 0.000000
0.070200 	 -356413.407998 	 -356413.407998 	 0.000000 	 0.000000
0.070300 	 -356252.244374 	 -356252.244374 	 0.000000 	 0.000000
0.070400 	 -354604.163067 	 -354604.163067 	 0.000000 	 0.000000
0.070500 	 -354737.952134 	 -354737.952134 	 0.000000 	 0.000000
0.070600 	 -355445.604150 	 -355445.604150 	 0.000000 	 0.000000
0.070700 	 -356348.895683 	 -356348.895683 	 0.000000 	 0.000000
0.070800 	 -357547.471206 	 -357547.471206 	 0.000000 	 0.000000
0.070900 	 -358130.329257 	 -358130.329257 	 0.000000 	 0.000000
0.071000 	 -357375.873588 	 -357375.873588 	 0.000000 	 0.000000
0.071100 	 -356241.676609 	 -356241.676609 	 0.000000 	 0.000000
0.071200 	 -355914.584816 	 -355914.584816 	 0.000000 	 0.000000
0.071300 	 -356493.398852 	 -356493.398852 	 0.000000 	 0.000000
0.071400 	 -355972.765651 	 -355972.765651 	 0.000000 	 0.000000
0.071500 	 -356474.675161 	 -356474.675161 	 0.000000 	 0.000000
0.071600 	 -357385.865104 	 -357385.865104 	 0.000000 	 0.000000
0.071700 	 -358989.432713 	 -358989.432713 	 0.000000 	 0.000000
0.071800 	 -359147.226358 	 -359147.226358 	 0.000000 	 0.000000
0.071900 	 -358640.582144 	 -358640.582144 	 0.000000 	 0.000000
0.072000 	 -358239.953549 	 -358239.953549 	 0.000000 	 0.000000
0.072100 	 -356989.844475 	 -356989.844475 	 0.000000 	 0.000000
0.072200 	 -356559.110172 	 -356559.110172 	 0.000000 	 0.000000
0.072300 	 -357377.348714 	 -357377.348714 	 0.000000 	 0.000000
0.072400 	 -358518.927399 	 -358518.927399 	 0.000000 	 0.000000
0.072500 	 -358583.562629 	 -358583.562629 	 0.000000 	 0.000000
0.072600 	 -359098.823371 	 -359098.823371 	 0.000000 	 0.000000
0.072700 	 -358940.795671 	 -358940.795671 	 0.000000 	 0.000000
0.072800 	 -359401.758138 	 -359401.758138 	 0.000000 	 0.000000
0.072900 	 -361306.757944 	 -361306.757944 	 0.000000 	 0.000000
0.073000 	 -363416.656249 	 -363416.656249 	 0.000000 	 0.000000
0.073100 	 -364630.312308 	 -364630.312308 	 0.000000 	 0.000000
0.073200 	 -366209.230799 	 -366209.230799 	 0.000000 	 0.000000
0.073300 	 -367112.678785 	 -367112.678785 	 0.000000 	 0.000000
0.073400 	 -368269.820300 	 -368269.820300 	 0.000000 	 0.000000
0.073500 	 -369618.927105 	 -369618.927105 	 0.000000 	 0.000000
0.073600 	 -370653.450406 	 -370653.450406 	 0.000000 	 0.000000
0.073700 	 -371979.290619 	 -371979.290619 	 0.000000 	 0.000000
0.073800 	 -372918.008636 	 -372918.008636 	 0.000000 	 0.000000
0.073900 	 -374309.467318 	 -374309.467318 	 0.000000 	 0.000000
0.074000 	 -375108.367868 	 -375108.367868 	 0.000000 	 0.000000
0.074100 	 -374921.549224 	 -374921.549224 	 0.000000 	 0.000000
0.074200 	 -375455.185809 	 -375455.185809 	 0.000000 	 0.000000
0.074300 	 -375165.646627 	 -375165.646627 	 0.000000 	 0.000000
0.074400 	 -374301.911361 	 -374301.911361 	 0.000000 	 0.000000
0.074500 	 -374393.068432 	 -374393.068432 	 0.000000 	 0.000000
0.074600 	 -375398.359379 	 -375398.359379 	 0.000000 	 0.000000
0.074700 	 -376790.596504 	 -376790.596504 	 0.000000 	 0.000000
0.074800 	 -378125.828775 	 -378125.828775 	 0.000000 	 0.000000
0.074900 	 -378882.603289 	 -378882.603289 	 0.000000 	 0.000000
0.075000 	 -378280.283153 	 -378280.283153 	 0.000000 	 0.000000
0.075100 	 -378033.305133 	 -378033.305133 	 0.000000 	 0.000000
0.075200 	 -378213.532515 	 -378213.532515 	 0.000000 	 0.000000
0.075300 	 -378845.276642 	 -378845.276642 	 0.000000 	 0.000000
0.075400 	 -378567.149176 	 -378567.149176 	 0.000000 	 0.000000
0.075500 	 -379732.378116 	 -379732.378116 	 0.000000 	 0.000000
0.075600 	 -380165.572757 	 -380165.572757 	 0.000000 	 0.000000
0.075700 	 -380147.129567 	 -380147.129567 	 0.000000 	 0.000000
0.075800 	 -380505.858199 	 -380505.858199 	 0.000000 	 0.000000
0.075900 	 -380727.982148 	 -380727.982148 	 0.000000 	 0.000000
0.076000 	 -381638.680492 	 -381638.680492 	 0.000000 	 0.000000
0.076100 	 -383119.328164 	 -383119.328164 	 0.000000 	 0.000000
0.076200 	 -383615.330651 	 -383615.330651 	 0.000000 	 0.000000
0.076300 	 -384133.090024 	 -384133.090024 	 0.000000 	 0.000000
0.076400 	 -384490.961997 	 -384490.961997 	 0.000000 	 0.000000
0.076500 	 -384777.598669 	 -384777.598669 	 0.000000 	 0.000000
0.076600 	 -386100.273664 	 -386100.273664 	 0.000000 	 0.000000
0.076700 	 -386545.720024 	 -386545.720024 	 0.000000 	 0.000000
0.076800 	 -388497.343587 	 -388497.343587 	 0.000000 	 0.000000
0.076900 	 -389652.198240 	 -389652.198240 	 0.000000 	 0.000000
0.077000 	 -391424.883538 	 -391424.883538 	 0.000000 	 0.000000
0.077100 	 -391968.467880 	 -391968.467880 	 0.000000 	 0.000000
0.077200 	 -391023.966183 	 -391023.966183 	 0.000000 	 0.000000
0.077300 	 -391507.720830 	 -391507.720830 	 0.000000 	 0.000000
0.077400 	 -392032.135140 	 -392032.135140 	 0.000000 	 0.000000
0.077500 	 -392000.785342 	 -392000.785342 	 0.000000 	 0.000000
0.077600 	 -392060.641138 	 -392060.641138 	 0.000000 	 0.000000
0.077700 	 -391124.501096 	 -391124.501096 	 0.000000 	 0.000000
0.077800 	 -391534.958538 	 -391534.958538 	 0.000000 	 0.000000
0.077900 	 -391907.397691 	 -391907.397691 	 0.000000 	 0.000000
0.078000 	 -393188.355246 	 -393188.355246 	 0.000000 	 0.000000
0.078100 	 -393254.523633 	 -393254.523633 	 0.000000 	 0.000000
0.078200 	 -393217.721702 	 -393217.721702 	 0.000000 	 0.000000
0.078300 	 -393629.252908 	 -393629.252908 	 0.000000 	 0.000000
0.078400 	 -395149.778471 	 -395149.778471 	 0.000000 	 0.000000
0.078500 	 -396247.553242 	 -396247.553242 	 0.000000 	 0.000000
0.078600 	 -395574.611719 	 -395574.611719 	 0.000000 	 0.000000
0.078700 	 -395172.225019 	 -395172.225019 	 0.000000 	 0.000000
0.078800 	 -395446.324146 	 -395446.324146 	 0.000000 	 0.000000
0.078900 	 -395796.527467 	 -395796.527467 	 0.000000 	 0.000000
0.079000 	 -394921.065538 	 -394921.065538 	 0.000000 	 0.000000
0.079100 	 -395524.004134 	 -395524.004134 	 0.000000 	 0.000000
0.079200 	 -395528.594047 	 -395528.594047 	 0.000000 	 0.000000
0.079300 	 -396128.381005 	 -396128.381005 	 0.000000 	 0.000000
0.079400 	 -397127.769740 	 -397127.769740 	 0.000000 	 0.000000
0.079500 	 -398024.691331 	 -398024.691331 	 0.000000 	 0.000000
0.079600 	 -398000.978009 	 -398000.978009 	 0.000000 	 0.000000
0.079700 	 -398557.167807 	 -398557.167807 	 0.000000 	 0.000000
0.079800 	 -399761.573677 	 -399761.573677 	 0.000000 	 0.000000
0.079900 	 -399495.968351 	 -399495.968351 	 0.000000 	 0.000000
0.080000 	 -399166.387153 	 -399166.387153 	 0.000000 	 0.000000
0.080100 	 -399442.465497 	 -399442.465497 	 0.000000 	 0.000000
0.080200 	 -400292.062469 	 -400292.062469 	 0.000000 	 0.000000
0.080300 	 -401459.020519 	 -401459.020519 	 0.000000 	 0.000000
0.080400 	 -403026.003350 	 -403026.003350 	 0.000000 	 0.000000
0.080500 	 -403937.883033 	 -403937.883033 	 0.000000 	 0.000000
0.080600 	 -404598.643479 	 -404598.643479 	 0.000000 	 0.000000
0.080700 	 -405637.796726 	 -405637.796726 	 0.000000 	 0.000000
0.080800 	 -406499.900628 	 -406499.900628 	 0.000000 	 0.000000
0.080900 	 -407211.025604 	 -407211.025604 	 0.000000 	 0.000000
0.081000 	 -407345.091889 	 -407345.091889 	 0.000000 	 0.000000
0.081100 	 -407017.323455 	 -407017.323455 	 0.000000 	 0.000000
0.081200 	 -408472.826075 	 -408472.826075 	 0.000000 	 0.000000
0.081300 	 -409505.220569 	 -409505.220569 	 0.000000 	 0.000000
0.081400 	 -410069.865705 	 -410069.865705 	 0.000000 	 0.000000
0.081500 	 -410566.072246 	 -410566.072246 	 0.000000 	 0.000000
0.081600 	 -411656.377273 	 -411656.377273 	 0.000000 	 0.000000
0.081700 	 -412542.951127 	 -412542.951127 	 0.000000 	 0.000000
0.081800 	 -411971.774665 	 -411971.774665 	 0.000000 	 0.000000
0.081900 	 -411559.357957 	 -411559.357957 	 0.000000 	 0.000000
0.082000 	 -411548.723293 	 -411548.723293 	 0.000000 	 0.000000
0.082100 	 -412005.725544 	 -412005.725544 	 0.000000 	 0.000000
0.082200 	 -412007.601938 	 -412007.601938 	 0.000000 	 0.000000
0.082300 	 -412782.699499 	 -412782.699499 	 0.000000 	 0.000000
0.082400 	 -413133.343887 	 -413133.343887 	 0.000000 	 0.000000
0.082500 	 -414182.512391 	 -414182.512391 	 0.000000 	 0.000000
0.082600 	 -415059.479264 	 -415059.479264 	 0.000000 	 0.000000
0.082700 	 -415226.516526 	 -415226.516526 	 0.000000 	 0.000000
0.082800 	 -415466.704050 	 -415466.704050 	 0.000000 	 0.000000
0.082900 	 -416700.497681 	 -416700.497681 	 0.000000 	 0.000000
0.083000 	 -416826.368987 	 -416826.368987 	 0.000000 	 0.000000
0.083100 	 -418301.239215 	 -418301.239215 	 0.000000 	 0.000000
0.083200 	 -419539.248016 	 -419539.248016 	 0.000000 	 0.000000
0.083300 	 -420232.797376 	 -420232.797376 	 0.000000 	 0.000000
0.083400 	 -420770.021222 	 -420770.021222 	 0.000000 	 0.000000
0.083500 	 -421303.742374 	 -421303.742374 	 0.000000 	 0.000000
0.083600 	 -421823.321807 	 -421823.321807 	 0.000000 	 0.000000
0.083700 	 -421453.440691 	 -421453.440691 	 0.000000 	 0.000000
0.083800 	 -421501.631540 	 -421501.631540 	 0.000000 	 0.000000
0.083900 	 -422701.640569 	 -422701.640569 	 0.000000 	 0.000000
0.084000 	 -422962.529926 	 -422962.529926 	 0.000000 	 0.000000
0.084100 	 -424391.003539 	 -424391.003539 	 0.000000 	 0.000000
0.084200 	 -424792.742418 	 -424792.742418 	 0.000000 	 0.000000
0.084300 	 -424627.843522 	 -424627.843522 	 0.000000 	 0.000000
0.084400 	 -425191.501322 	 -425191.501322 	 0.000000 	 0.000000
0.084500 	 -425416.642282 	 -425416.642282 	 0.000000 	 0.000000
0.084600 	 -425996.470685 	 -425996.470685 	 0.000000 	 0.000000
0.084700 	 -426421.773607 	 -426421.773607 	 0.000000 	 0.000000
0.084800 	 -426945.852406 	 -426945.852406 	 0.000000 	 0.000000
0.084900 	 -427872.104656 	 -427872.104656 	 0.000000 	 0.000000
0.085000 	 -428533.905248 	 -428533.905248 	 0.000000 	 0.000000
0.085100 	 -428572.887343 	 -428572.887343 	 0.000000 	 0.000000
0.085200 	 -429673.557916 	 -429673.557916 	 0.000000 	 0.000000
0.085300 	 -430100.523204 	 -430100.523204 	 0.000000 	 0.000000
0.085400 	 -430516.054897 	 -430516.054897 	 0.000000 	 0.000000
0.085500 	 -430794.763342 	 -430794.763342 	 0.000000 	 0.000000
0.085600 	 -430746.836232 	 -430746.836232 	 0.000000 	 0.000000
0.085700 	 -431307.744807 	 -431307.744807 	 0.000000 	 0.000000
0.085800 	 -432100.292334 	 -432100.292334 	 0.000000 	 0.000000
0.085900 	 -432953.974563 	 -432953.974563 	 0.000000 	 0.000000
0.086000 	 -434026.021008 	 -434026.021008 	 0.000000 	 0.000000
0.086100 	 -434844.948118 	 -434844.948118 	 0.000000 	 0.000000
0.086200 	 -435088.735420 	 -435088.735420 	 0.000000 	 0.000000
0.086300 	 -435631.465158 	 -435631.465158 	 0.000000 	 0.000000
0.086400 	 -436381.739054 	 -436381.739054 	 0.000000 	 0.000000
0.086500 	 -437666.818260 	 -437666.818260 	 0.000000 	 0.000000
0.086600 	 -439496.049581 	 -439496.049581 	 0.000000 	 0.000000
0.086700 	 -441067.834633 	 -441067.834633 	 0.000000 	 0.000000
0.086800 	 -441253.456077 	 -441253.456077 	 0.000000 	 0.000000
0.086900 	 -441573.726949 	 -441573.726949 	 0.000000 	 0.000000
0.087000 	 -441352.119864 	 -441352.119864 	 0.000000 	 0.000000
0.087100 	 -441259.825359 	 -441259.825359 	 0.000000 	 0.000000
0.087200 	 -440549.421248 	 -440549.421248 	 0.000000 	 0.000000
0.087300 	 -440544.131390 	 -440544.131390 	 0.000000 	 0.000000
0.087400 	 -439974.772449 	 -439974.772449 	 0.000000 	 0.000000
0.087500 	 -439920.377590 	 -439920.377590 	 0.000000 	 0.000000
0.087600 	 -438182.085488 	 -438182.085488 	 0.000000 	 0.000000
0.087700 	 -437431.603340 	 -437431.603340 	 0.000000 	 0.000000
0.087800 	 -437000.017526 	 -437000.017526 	 0.000000 	 0.000000
0.087900 	 -436599.250208 	 -436599.250208 	 0.000000 	 0.000000
0.088000 	 -435633.488301 	 -435633.488301 	 0.000000 	 0.000000
0.088100 	 -434669.670159 	 -434669.670159 	 0.000000 	 0.000000
0.088200 	 -434044.362434 	 -434044.362434 	 0.000000 	 0.000000
0.088300 	 -433577.180245 	 -433577.180245 	 0.000000 	 0.000000
0.088400 	 -433459.084719 	 -433459.084719 	 0.000000 	 0.000000
0.088500 	 -432602.434941 	 -432602.434941 	 0.000000 	 0.000000
0.088600 	 -433184.379677 	 -433184.379677 	 0.000000 	 0.000000
0.088700 	 -434350.580567 	 -434350.580567 	 0.000000 	 0.000000
0.088800 	 -434802.212461 	 -434802.212461 	 0.000000 	 0.000000
0.088900 	 -434933.811313 	 -434933.811313 	 0.000000 	 0.000000
0.089000 	 -435599.177802 	 -435599.177802 	 0.000000 	 0.000000
0.089100 	 -436433.403112 	 -436433.403112 	 0.000000 	 0.000000
0.089200 	 -437644.728754 	 -437644.728754 	 0.000000 	 0.000000
0.089300 	 -439882.283314 	 -439882.283314 	 0.000000 	 0.000000
0.089400 	 -441627.006151 	 -441627.006151 	 0.000000 	 0.000000
0.089500 	 -443185.901324 	 -443185.901324 	 0.000000 	 0.000000
0.089600 	 -443942.815911 	 -443942.815911 	 0.000000 	 0.000000
0.089700 	 -444687.631738 	 -444687.631738 	 0.000000 	 0.000000
0.089800 	 -445206.247915 	 -445206.247915 	 0.000000 	 0.000000
0.089900 	 -445430.503224 	 -445430.503224 	 0.000000 	 0.000000
0.090000 	 -446288.712729 	 -446288.712729 	 0.000000 	 0.000000
0.090100 	 -447449.921020 	 -447449.921020 	 0.000000 	 0.000000
0.090200 	 -448689.084208 	 -448689.084208 	 0.000000 	 0.000000
0.090300 	 -449889.609631 	 -449889.609631 	 0.000000 	 0.000000
0.090400 	 -451586.850807 	 -451586.850807 	 0.000000 	 0.000000
0.090500 	 -452371.650476 	 -452371.650476 	 0.000000 	 0.000000
0.090600 	 -453124.050841 	 -453124.050841 	 0.000000 	 0.000000
0.090700 	 -453870.454961 	 -453870.454961 	 0.000000 	 0.000000
0.090800 	 -454020.490051 	 -454020.490051 	 0.000000 	 0.000000
0.090900 	 -454991.864269 	 -454991.864269 	 0.000000 	 0.000000
0.091000 	 -455666.581076 	 -455666.581076 	 0.000000 	 0.000000
0.091100 	 -456160.730453 	 -456160.730453 	 0.000000 	 0.000000
0.091200 	 -456664.249284 	 -456664.249284 	 0.000000 	 0.000000
0.091300 	 -456804.586029 	 -456804.586029 	 0.000000 	 0.000000
0.091400 	 -456825.012729 	 -456825.012729 	 0.000000 	 0.000000
0.091500 	 -456328.878442 	 -456328.878442 	 0.000000 	 0.000000
0.091600 	 -456369.031920 	 -456369.031920 	 0.000000 	 0.000000
0.091700 	 -456253.486274 	 -456253.486274 	 0.000000 	 0.000000
0.091800 	 -456523.399339 	 -456523.399339 	 0.000000 	 0.000000
0.091900 	 -456734.151756 	 -456734.151756 	 0.000000 	 0.000000
0.092000 	 -456604.660975 	 -456604.660975 	 0.000000 	 0.000000
0.092100 	 -456533.201447 	 -456533.201447 	 0.000000 	 0.000000
0.092200 	 -456424.757866 	 -456424.757866 	 0.000000 	 0.000000
0.092300 	 -456336.939441 	 -456336.939441 	 0.000000 	 0.000000
0.092400 	 -456603.185430 	 -456603.185430 	 0.000000 	 0.000000
0.092500 	 -456312.988976 	 -456312.988976 	 0.000000 	 0.000000
0.092600 	 -456348.143139 	 -456348.143139 	 0.000000 	 0.000000
0.092700 	 -456190.824880 	 -456190.824880 	 0.000000 	 0.000000
0.092800 	 -456468.787587 	 -456468.787587 	 0.000000 	 0.000000
0.092900 	 -455931.908734 	 -455931.908734 	 0.000000 	 0.000000
0.093000 	 -455927.434265 	 -455927.434265 	 0.000000 	 0.000000
0.093100 	 -455893.061510 	 -455893.061510 	 0.000000 	 0.000000
0.093200 	 -456473.311978 	 -456473.311978 	 0.000000 	 0.000000
0.093300 	 -456187.514711 	 -456187.514711 	 0.000000 	 0.000000
0.093400 	 -456518.837359 	 -456518.837359 	 0.000000 	 0.000000
0.093500 	 -457668.751583 	 -457668.751583 	 0.000000 	 0.000000
0.093600 	 -458052.644267 	 -458052.644267 	 0.000000 	 0.000000
0.093700 	 -458403.630705 	 -458403.630705 	 0.000000 	 0.000000
0.093800 	 -458355.399003 	 -458355.399003 	 0.000000 	 0.000000
0.093900 	 -459259.555340 	 -459259.555340 	 0.000000 	 0.000000
0.094000 	 -460654.142681 	 -460654.142681 	 0.000000 	 0.000000
0.094100 	 -462236.948925 	 -462236.948925 	 0.000000 	 0.000000
0.094200 	 -462714.302952 	 -462714.302952 	 0.000000 	 0.000000
0.094300 	 -464136.657540 	 -464136.657540 	 0.000000 	 0.000000
0.094400 	 -465056.073332 	 -465056.073332 	 0.000000 	 0.000000
0.094500 	 -466315.730650 	 -466315.730650 	 0.000000 	 0.000000
0.094600 	 -467460.334661 	 -467460.334661 	 0.000000 	 0.000000
0.094700 	 -468502.661833 	 -468502.661833 	 0.000000 	 0.000000
0.094800 	 -469511.885072 	 -469511.885072 	 0.000000 	 0.000000
0.094900 	 -470036.419405 	 -470036.419405 	 0.000000 	 0.000000
0.095000 	 -470533.106739 	 -470533.106739 	 0.000000 	 0.000000
0.095100 	 -471040.662239 	 -471040.662239 	 0.000000 	 0.000000
0.095200 	 -471418.908031 	 -471418.908031 	 0.000000 	 0.000000
0.095300 	 -471741.875234 	 -471741.875234 	 0.000000 	 0.000000
0.095400 	 -472328.377915 	 -472328.377915 	 0.000000 	 0.000000
0.095500 	 -472028.697918 	 -472028.697918 	 0.000000 	 0.000000
0.095600 	 -472482.629512 	 -472482.629512 	 0.000000 	 0.000000
0.095700 	 -473033.518326 	 -473033.518326 	 0.000000 	 0.000000
0.095800 	 -472836.189810 	 -472836.189810 	 0.000000 	 0.000000
0.095900 	 -472878.463930 	 -472878.463930 	 0.000000 	 0.000000
0.096000 	 -472944.651455 	 -472944.651455 	 0.000000 	 0.000000
0.096100 	 -472705.339039 	 -472705.339039 	 0.000000 	 0.000000
0.096200 	 -472808.839869 	 -472808.839869 	 0.000000 	 0.000000
0.096300 	 -472459.278511 	 -472459.278511 	 0.000000 	 0.000000
0.096400 	 -471779.952716 	 -471779.952716 	 0.000000 	 0.000000
0.096500 	 -471150.018713 	 -471150.018713 	 0.000000 	 0.000000
0.096600 	 -470848.424955 	 -470848.424955 	 0.000000 	 0.000000
0.096700 	 -470927.565939 	 -470927.565939 	 0.000000 	 0.000000
0.096800 	 -470522.677105 	 -470522.677105 	 0.000000 	 0.000000
0.096900 	 -470824.806747 	 -470824.806747 	 0.000000 	 0.000000
0.097000 	 -470958.051248 	 -470958.051248 	 0.000000 	 0.000000
0.097100 	 -470761.648258 	 -470761.648258 	 0.000000 	 0.000000
0.097200 	 -471037.772194 	 -471037.772194 	 0.000000 	 0.000000
0.097300 	 -471382.042957 	 -471382.042957 	 0.000000 	 0.000000
0.097400 	 -471394.736545 	 -471394.736545 	 0.000000 	 0.000000
0.097500 	 -471948.649441 	 -471948.649441 	 0.000000 	 0.000000
0.097600 	 -472667.613788 	 -472667.613788 	 0.000000 	 0.000000
0.097700 	 -472444.106027 	 -472444.106027 	 0.000000 	 0.000000
0.097800 	 -472671.636038 	 -472671.636038 	 0.000000 	 0.000000
0.097900 	 -473424.702258 	 -473424.702258 	 0.000000 	 0.000000
0.098000 	 -474394.383570 	 -474394.383570 	 0.000000 	 0.000000
0.098100 	 -474999.441368 	 -474999.441368 	 0.000000 	 0.000000
0.098200 	 -475975.451135 	 -475975.451135 	 0.000000 	 0.000000
0.098300 	 -476596.679960 	 -476596.679960 	 0.000000 	 0.000000
0.098400 	 -477287.810119 	 -477287.810119 	 0.000000 	 0.000000
0.098500 	 -477816.055733 	 -477816.055733 	 0.000000 	 0.000000
0.098600 	 -477825.805448 	 -477825.805448 	 0.000000 	 0.000000
0.098700 	 -478687.917787 	 -478687.917787 	 0.000000 	 0.000000
0.098800 	 -479818.676032 	 -479818.676032 	 0.000000 	 0.000000
0.098900 	 -480242.789160 	 -480242.789160 	 0.000000 	 0.000000
0.099000 	 -480425.307413 	 -480425.307413 	 0.000000 	 0.000000
0.099100 	 -480993.759501 	 -480993.759501 	 0.000000 	 0.000000
0.099200 	 -481168.957358 	 -481168.957358 	 0.000000 	 0.000000
0.099300 	 -481185.229047 	 -481185.229047 	 0.000000 	 0.000000
0.099400 	 -481553.708186 	 -481553.708186 	 0.000000 	 0.000000
0.099500 	 -481749.339039 	 -481749.339039 	 0.000000 	 0.000000
0.099600 	 -482326.378326 	 -482326.378326 	 0.000000 	 0.000000
0.099700 	 -482840.482984 	 -482840.482984 	 0.000000 	 0.000000
0.099800 	 -483437.974760 	 -483437.974760 	 0.000000 	 0.000000
0.099900 	 -483846.316247 	 -483846.316247 	 0.000000 	 0.000000
0.100000 	 -483753.342739 	 -483753.342739 	 0.000000 	 0.000000
